host,worker,gpu,config_file,name,algorithm,algorithm_label,alpha,alpha_slug,machine_type,db_level,seed,auroc,equivalent_epochs,log_file,log_line
master,norm_g5,5,p1_anchor_centralized_pooled_fan_-6dB_s0.json,p1_anchor_centralized_pooled_fan_-6dB_s0,centralized_pooled,Centralized pooled,,pooled,fan,-6dB,0,0.6073496657534558,60,master/logs/p1_norm_g5.log,237
n3,norm_g0,0,p1_anchor_centralized_pooled_fan_-6dB_s1.json,p1_anchor_centralized_pooled_fan_-6dB_s1,centralized_pooled,Centralized pooled,,pooled,fan,-6dB,1,0.639152352711712,60,n3/logs/p1_norm_g0.log,194
master,norm_g1,1,p1_anchor_centralized_pooled_fan_-6dB_s2.json,p1_anchor_centralized_pooled_fan_-6dB_s2,centralized_pooled,Centralized pooled,,pooled,fan,-6dB,2,0.6080864706885115,60,master/logs/p1_norm_g1.log,237
n3,norm_g1,1,p1_anchor_centralized_pooled_fan_-6dB_s3.json,p1_anchor_centralized_pooled_fan_-6dB_s3,centralized_pooled,Centralized pooled,,pooled,fan,-6dB,3,0.5647070255542355,60,n3/logs/p1_norm_g1.log,196
master,norm_g0,0,p1_anchor_centralized_pooled_fan_-6dB_s4.json,p1_anchor_centralized_pooled_fan_-6dB_s4,centralized_pooled,Centralized pooled,,pooled,fan,-6dB,4,0.6546021748222074,60,master/logs/p1_norm_g0.log,237
n3,norm_g4,4,p1_anchor_centralized_pooled_fan_-6dB_s5.json,p1_anchor_centralized_pooled_fan_-6dB_s5,centralized_pooled,Centralized pooled,,pooled,fan,-6dB,5,0.5905152247254318,60,n3/logs/p1_norm_g4.log,196
master,norm_g3,3,p1_anchor_centralized_pooled_fan_-6dB_s6.json,p1_anchor_centralized_pooled_fan_-6dB_s6,centralized_pooled,Centralized pooled,,pooled,fan,-6dB,6,0.6031719091051457,60,master/logs/p1_norm_g3.log,237
n3,norm_g6,6,p1_anchor_centralized_pooled_fan_-6dB_s7.json,p1_anchor_centralized_pooled_fan_-6dB_s7,centralized_pooled,Centralized pooled,,pooled,fan,-6dB,7,0.5974250860892852,60,n3/logs/p1_norm_g6.log,196
master,norm_g7,7,p1_anchor_centralized_pooled_fan_-6dB_s8.json,p1_anchor_centralized_pooled_fan_-6dB_s8,centralized_pooled,Centralized pooled,,pooled,fan,-6dB,8,0.5995883856934145,60,master/logs/p1_norm_g7.log,194
n3,norm_g3,3,p1_anchor_centralized_pooled_fan_-6dB_s9.json,p1_anchor_centralized_pooled_fan_-6dB_s9,centralized_pooled,Centralized pooled,,pooled,fan,-6dB,9,0.6345775497956863,60,n3/logs/p1_norm_g3.log,196
master,norm_g4,4,p1_anchor_centralized_pooled_fan_0dB_s0.json,p1_anchor_centralized_pooled_fan_0dB_s0,centralized_pooled,Centralized pooled,,pooled,fan,0dB,0,0.8242935050800915,60,master/logs/p1_norm_g4.log,237
n3,norm_g7,7,p1_anchor_centralized_pooled_fan_0dB_s1.json,p1_anchor_centralized_pooled_fan_0dB_s1,centralized_pooled,Centralized pooled,,pooled,fan,0dB,1,0.8412010835457322,60,n3/logs/p1_norm_g7.log,196
master,norm_g6,6,p1_anchor_centralized_pooled_fan_0dB_s2.json,p1_anchor_centralized_pooled_fan_0dB_s2,centralized_pooled,Centralized pooled,,pooled,fan,0dB,2,0.8022775146056207,60,master/logs/p1_norm_g6.log,239
n3,norm_g2,2,p1_anchor_centralized_pooled_fan_0dB_s3.json,p1_anchor_centralized_pooled_fan_0dB_s3,centralized_pooled,Centralized pooled,,pooled,fan,0dB,3,0.8009873904787159,60,n3/logs/p1_norm_g2.log,196
master,norm_g2,2,p1_anchor_centralized_pooled_fan_0dB_s4.json,p1_anchor_centralized_pooled_fan_0dB_s4,centralized_pooled,Centralized pooled,,pooled,fan,0dB,4,0.8320384726290804,60,master/logs/p1_norm_g2.log,237
n3,norm_g5,5,p1_anchor_centralized_pooled_fan_0dB_s5.json,p1_anchor_centralized_pooled_fan_0dB_s5,centralized_pooled,Centralized pooled,,pooled,fan,0dB,5,0.7580554903432521,60,n3/logs/p1_norm_g5.log,196
master,norm_g6,6,p1_anchor_centralized_pooled_fan_0dB_s6.json,p1_anchor_centralized_pooled_fan_0dB_s6,centralized_pooled,Centralized pooled,,pooled,fan,0dB,6,0.7685957900383515,60,master/logs/p1_norm_g6.log,241
n3,norm_g3,3,p1_anchor_centralized_pooled_fan_0dB_s7.json,p1_anchor_centralized_pooled_fan_0dB_s7,centralized_pooled,Centralized pooled,,pooled,fan,0dB,7,0.8427857581724247,60,n3/logs/p1_norm_g3.log,198
master,norm_g0,0,p1_anchor_centralized_pooled_fan_0dB_s8.json,p1_anchor_centralized_pooled_fan_0dB_s8,centralized_pooled,Centralized pooled,,pooled,fan,0dB,8,0.7916117335696508,60,master/logs/p1_norm_g0.log,239
n3,norm_g4,4,p1_anchor_centralized_pooled_fan_0dB_s9.json,p1_anchor_centralized_pooled_fan_0dB_s9,centralized_pooled,Centralized pooled,,pooled,fan,0dB,9,0.8153616847749348,60,n3/logs/p1_norm_g4.log,198
master,norm_g7,7,p1_anchor_centralized_pooled_fan_6dB_s0.json,p1_anchor_centralized_pooled_fan_6dB_s0,centralized_pooled,Centralized pooled,,pooled,fan,6dB,0,0.9613931724088237,60,master/logs/p1_norm_g7.log,196
n3,norm_g1,1,p1_anchor_centralized_pooled_fan_6dB_s1.json,p1_anchor_centralized_pooled_fan_6dB_s1,centralized_pooled,Centralized pooled,,pooled,fan,6dB,1,0.9597197190707403,60,n3/logs/p1_norm_g1.log,198
master,norm_g5,5,p1_anchor_centralized_pooled_fan_6dB_s2.json,p1_anchor_centralized_pooled_fan_6dB_s2,centralized_pooled,Centralized pooled,,pooled,fan,6dB,2,0.9658182957029456,60,master/logs/p1_norm_g5.log,239
n3,norm_g0,0,p1_anchor_centralized_pooled_fan_6dB_s3.json,p1_anchor_centralized_pooled_fan_6dB_s3,centralized_pooled,Centralized pooled,,pooled,fan,6dB,3,0.9384831134974052,60,n3/logs/p1_norm_g0.log,196
master,norm_g4,4,p1_anchor_centralized_pooled_fan_6dB_s4.json,p1_anchor_centralized_pooled_fan_6dB_s4,centralized_pooled,Centralized pooled,,pooled,fan,6dB,4,0.9575907757271661,60,master/logs/p1_norm_g4.log,239
n3,norm_g7,7,p1_anchor_centralized_pooled_fan_6dB_s5.json,p1_anchor_centralized_pooled_fan_6dB_s5,centralized_pooled,Centralized pooled,,pooled,fan,6dB,5,0.9503297922313276,60,n3/logs/p1_norm_g7.log,198
master,norm_g1,1,p1_anchor_centralized_pooled_fan_6dB_s6.json,p1_anchor_centralized_pooled_fan_6dB_s6,centralized_pooled,Centralized pooled,,pooled,fan,6dB,6,0.9348218856102107,60,master/logs/p1_norm_g1.log,239
n3,norm_g2,2,p1_anchor_centralized_pooled_fan_6dB_s7.json,p1_anchor_centralized_pooled_fan_6dB_s7,centralized_pooled,Centralized pooled,,pooled,fan,6dB,7,0.9559690003621585,60,n3/logs/p1_norm_g2.log,198
master,norm_g3,3,p1_anchor_centralized_pooled_fan_6dB_s8.json,p1_anchor_centralized_pooled_fan_6dB_s8,centralized_pooled,Centralized pooled,,pooled,fan,6dB,8,0.9396383459416111,60,master/logs/p1_norm_g3.log,239
n3,norm_g5,5,p1_anchor_centralized_pooled_fan_6dB_s9.json,p1_anchor_centralized_pooled_fan_6dB_s9,centralized_pooled,Centralized pooled,,pooled,fan,6dB,9,0.9638921497685461,60,n3/logs/p1_norm_g5.log,198
master,norm_g2,2,p1_anchor_centralized_pooled_pump_-6dB_s0.json,p1_anchor_centralized_pooled_pump_-6dB_s0,centralized_pooled,Centralized pooled,,pooled,pump,-6dB,0,0.6516529689001457,60,master/logs/p1_norm_g2.log,239
n3,norm_g6,6,p1_anchor_centralized_pooled_pump_-6dB_s1.json,p1_anchor_centralized_pooled_pump_-6dB_s1,centralized_pooled,Centralized pooled,,pooled,pump,-6dB,1,0.6879003553427335,60,n3/logs/p1_norm_g6.log,198
master,norm_g6,6,p1_anchor_centralized_pooled_pump_-6dB_s2.json,p1_anchor_centralized_pooled_pump_-6dB_s2,centralized_pooled,Centralized pooled,,pooled,pump,-6dB,2,0.6678163207164259,60,master/logs/p1_norm_g6.log,243
n3,norm_g3,3,p1_anchor_centralized_pooled_pump_-6dB_s3.json,p1_anchor_centralized_pooled_pump_-6dB_s3,centralized_pooled,Centralized pooled,,pooled,pump,-6dB,3,0.6470670881740344,60,n3/logs/p1_norm_g3.log,200
master,norm_g0,0,p1_anchor_centralized_pooled_pump_-6dB_s4.json,p1_anchor_centralized_pooled_pump_-6dB_s4,centralized_pooled,Centralized pooled,,pooled,pump,-6dB,4,0.669972014915902,60,master/logs/p1_norm_g0.log,241
n3,norm_g4,4,p1_anchor_centralized_pooled_pump_-6dB_s5.json,p1_anchor_centralized_pooled_pump_-6dB_s5,centralized_pooled,Centralized pooled,,pooled,pump,-6dB,5,0.5834870246525826,60,n3/logs/p1_norm_g4.log,200
master,norm_g2,2,p1_anchor_centralized_pooled_pump_-6dB_s6.json,p1_anchor_centralized_pooled_pump_-6dB_s6,centralized_pooled,Centralized pooled,,pooled,pump,-6dB,6,0.6415166019037762,60,master/logs/p1_norm_g2.log,241
n3,norm_g6,6,p1_anchor_centralized_pooled_pump_-6dB_s7.json,p1_anchor_centralized_pooled_pump_-6dB_s7,centralized_pooled,Centralized pooled,,pooled,pump,-6dB,7,0.6776153216177667,60,n3/logs/p1_norm_g6.log,200
master,norm_g1,1,p1_anchor_centralized_pooled_pump_-6dB_s8.json,p1_anchor_centralized_pooled_pump_-6dB_s8,centralized_pooled,Centralized pooled,,pooled,pump,-6dB,8,0.6298943108858606,60,master/logs/p1_norm_g1.log,241
n3,norm_g2,2,p1_anchor_centralized_pooled_pump_-6dB_s9.json,p1_anchor_centralized_pooled_pump_-6dB_s9,centralized_pooled,Centralized pooled,,pooled,pump,-6dB,9,0.6687753214486614,60,n3/logs/p1_norm_g2.log,200
master,norm_g4,4,p1_anchor_centralized_pooled_pump_0dB_s0.json,p1_anchor_centralized_pooled_pump_0dB_s0,centralized_pooled,Centralized pooled,,pooled,pump,0dB,0,0.716183489004227,60,master/logs/p1_norm_g4.log,241
n3,norm_g1,1,p1_anchor_centralized_pooled_pump_0dB_s1.json,p1_anchor_centralized_pooled_pump_0dB_s1,centralized_pooled,Centralized pooled,,pooled,pump,0dB,1,0.7703153578410785,60,n3/logs/p1_norm_g1.log,200
master,norm_g7,7,p1_anchor_centralized_pooled_pump_0dB_s2.json,p1_anchor_centralized_pooled_pump_0dB_s2,centralized_pooled,Centralized pooled,,pooled,pump,0dB,2,0.7379312211716387,60,master/logs/p1_norm_g7.log,198
n3,norm_g5,5,p1_anchor_centralized_pooled_pump_0dB_s3.json,p1_anchor_centralized_pooled_pump_0dB_s3,centralized_pooled,Centralized pooled,,pooled,pump,0dB,3,0.7129883955294225,60,n3/logs/p1_norm_g5.log,200
master,norm_g5,5,p1_anchor_centralized_pooled_pump_0dB_s4.json,p1_anchor_centralized_pooled_pump_0dB_s4,centralized_pooled,Centralized pooled,,pooled,pump,0dB,4,0.730805655428998,60,master/logs/p1_norm_g5.log,241
n3,norm_g7,7,p1_anchor_centralized_pooled_pump_0dB_s5.json,p1_anchor_centralized_pooled_pump_0dB_s5,centralized_pooled,Centralized pooled,,pooled,pump,0dB,5,0.657057566727322,60,n3/logs/p1_norm_g7.log,200
master,norm_g3,3,p1_anchor_centralized_pooled_pump_0dB_s6.json,p1_anchor_centralized_pooled_pump_0dB_s6,centralized_pooled,Centralized pooled,,pooled,pump,0dB,6,0.724861404810987,60,master/logs/p1_norm_g3.log,241
n3,norm_g0,0,p1_anchor_centralized_pooled_pump_0dB_s7.json,p1_anchor_centralized_pooled_pump_0dB_s7,centralized_pooled,Centralized pooled,,pooled,pump,0dB,7,0.7530395309447914,60,n3/logs/p1_norm_g0.log,198
master,norm_g0,0,p1_anchor_centralized_pooled_pump_0dB_s8.json,p1_anchor_centralized_pooled_pump_0dB_s8,centralized_pooled,Centralized pooled,,pooled,pump,0dB,8,0.7182750002908892,60,master/logs/p1_norm_g0.log,243
n3,norm_g3,3,p1_anchor_centralized_pooled_pump_0dB_s9.json,p1_anchor_centralized_pooled_pump_0dB_s9,centralized_pooled,Centralized pooled,,pooled,pump,0dB,9,0.7303213449498658,60,n3/logs/p1_norm_g3.log,202
master,norm_g6,6,p1_anchor_centralized_pooled_pump_6dB_s0.json,p1_anchor_centralized_pooled_pump_6dB_s0,centralized_pooled,Centralized pooled,,pooled,pump,6dB,0,0.8168028368889015,60,master/logs/p1_norm_g6.log,245
n3,norm_g4,4,p1_anchor_centralized_pooled_pump_6dB_s1.json,p1_anchor_centralized_pooled_pump_6dB_s1,centralized_pooled,Centralized pooled,,pooled,pump,6dB,1,0.8469797242453527,60,n3/logs/p1_norm_g4.log,202
master,norm_g2,2,p1_anchor_centralized_pooled_pump_6dB_s2.json,p1_anchor_centralized_pooled_pump_6dB_s2,centralized_pooled,Centralized pooled,,pooled,pump,6dB,2,0.8453423424680908,60,master/logs/p1_norm_g2.log,243
n3,norm_g6,6,p1_anchor_centralized_pooled_pump_6dB_s3.json,p1_anchor_centralized_pooled_pump_6dB_s3,centralized_pooled,Centralized pooled,,pooled,pump,6dB,3,0.7990844741285037,60,n3/logs/p1_norm_g6.log,202
master,norm_g1,1,p1_anchor_centralized_pooled_pump_6dB_s4.json,p1_anchor_centralized_pooled_pump_6dB_s4,centralized_pooled,Centralized pooled,,pooled,pump,6dB,4,0.8425565334847696,60,master/logs/p1_norm_g1.log,243
n3,norm_g2,2,p1_anchor_centralized_pooled_pump_6dB_s5.json,p1_anchor_centralized_pooled_pump_6dB_s5,centralized_pooled,Centralized pooled,,pooled,pump,6dB,5,0.8120653468757497,60,n3/logs/p1_norm_g2.log,202
master,norm_g7,7,p1_anchor_centralized_pooled_pump_6dB_s6.json,p1_anchor_centralized_pooled_pump_6dB_s6,centralized_pooled,Centralized pooled,,pooled,pump,6dB,6,0.857091842122647,60,master/logs/p1_norm_g7.log,200
n3,norm_g5,5,p1_anchor_centralized_pooled_pump_6dB_s7.json,p1_anchor_centralized_pooled_pump_6dB_s7,centralized_pooled,Centralized pooled,,pooled,pump,6dB,7,0.828194534483797,60,n3/logs/p1_norm_g5.log,202
master,norm_g5,5,p1_anchor_centralized_pooled_pump_6dB_s8.json,p1_anchor_centralized_pooled_pump_6dB_s8,centralized_pooled,Centralized pooled,,pooled,pump,6dB,8,0.8288198363810002,60,master/logs/p1_norm_g5.log,243
n3,norm_g0,0,p1_anchor_centralized_pooled_pump_6dB_s9.json,p1_anchor_centralized_pooled_pump_6dB_s9,centralized_pooled,Centralized pooled,,pooled,pump,6dB,9,0.8375840108731143,60,n3/logs/p1_norm_g0.log,200
master,norm_g3,3,p1_anchor_centralized_pooled_slider_-6dB_s0.json,p1_anchor_centralized_pooled_slider_-6dB_s0,centralized_pooled,Centralized pooled,,pooled,slider,-6dB,0,0.8478812573779653,60,master/logs/p1_norm_g3.log,243
n3,norm_g7,7,p1_anchor_centralized_pooled_slider_-6dB_s1.json,p1_anchor_centralized_pooled_slider_-6dB_s1,centralized_pooled,Centralized pooled,,pooled,slider,-6dB,1,0.8557928357818947,60,n3/logs/p1_norm_g7.log,202
master,norm_g4,4,p1_anchor_centralized_pooled_slider_-6dB_s2.json,p1_anchor_centralized_pooled_slider_-6dB_s2,centralized_pooled,Centralized pooled,,pooled,slider,-6dB,2,0.831909636598232,60,master/logs/p1_norm_g4.log,243
n3,norm_g1,1,p1_anchor_centralized_pooled_slider_-6dB_s3.json,p1_anchor_centralized_pooled_slider_-6dB_s3,centralized_pooled,Centralized pooled,,pooled,slider,-6dB,3,0.8214953402629306,60,n3/logs/p1_norm_g1.log,202
master,norm_g0,0,p1_anchor_centralized_pooled_slider_-6dB_s4.json,p1_anchor_centralized_pooled_slider_-6dB_s4,centralized_pooled,Centralized pooled,,pooled,slider,-6dB,4,0.848454005642518,60,master/logs/p1_norm_g0.log,245
n3,norm_g3,3,p1_anchor_centralized_pooled_slider_-6dB_s5.json,p1_anchor_centralized_pooled_slider_-6dB_s5,centralized_pooled,Centralized pooled,,pooled,slider,-6dB,5,0.8189132426588618,60,n3/logs/p1_norm_g3.log,204
master,norm_g2,2,p1_anchor_centralized_pooled_slider_-6dB_s6.json,p1_anchor_centralized_pooled_slider_-6dB_s6,centralized_pooled,Centralized pooled,,pooled,slider,-6dB,6,0.8433561144916089,60,master/logs/p1_norm_g2.log,245
n3,norm_g6,6,p1_anchor_centralized_pooled_slider_-6dB_s7.json,p1_anchor_centralized_pooled_slider_-6dB_s7,centralized_pooled,Centralized pooled,,pooled,slider,-6dB,7,0.8614940325476107,60,n3/logs/p1_norm_g6.log,204
master,norm_g6,6,p1_anchor_centralized_pooled_slider_-6dB_s8.json,p1_anchor_centralized_pooled_slider_-6dB_s8,centralized_pooled,Centralized pooled,,pooled,slider,-6dB,8,0.8536600728465071,60,master/logs/p1_norm_g6.log,247
n3,norm_g4,4,p1_anchor_centralized_pooled_slider_-6dB_s9.json,p1_anchor_centralized_pooled_slider_-6dB_s9,centralized_pooled,Centralized pooled,,pooled,slider,-6dB,9,0.8582674679812806,60,n3/logs/p1_norm_g4.log,204
master,norm_g1,1,p1_anchor_centralized_pooled_slider_0dB_s0.json,p1_anchor_centralized_pooled_slider_0dB_s0,centralized_pooled,Centralized pooled,,pooled,slider,0dB,0,0.9102443718006011,60,master/logs/p1_norm_g1.log,245
n3,norm_g2,2,p1_anchor_centralized_pooled_slider_0dB_s1.json,p1_anchor_centralized_pooled_slider_0dB_s1,centralized_pooled,Centralized pooled,,pooled,slider,0dB,1,0.917692435684226,60,n3/logs/p1_norm_g2.log,204
master,norm_g7,7,p1_anchor_centralized_pooled_slider_0dB_s2.json,p1_anchor_centralized_pooled_slider_0dB_s2,centralized_pooled,Centralized pooled,,pooled,slider,0dB,2,0.9047527977586617,60,master/logs/p1_norm_g7.log,202
n3,norm_g5,5,p1_anchor_centralized_pooled_slider_0dB_s3.json,p1_anchor_centralized_pooled_slider_0dB_s3,centralized_pooled,Centralized pooled,,pooled,slider,0dB,3,0.9035989813693884,60,n3/logs/p1_norm_g5.log,204
master,norm_g5,5,p1_anchor_centralized_pooled_slider_0dB_s4.json,p1_anchor_centralized_pooled_slider_0dB_s4,centralized_pooled,Centralized pooled,,pooled,slider,0dB,4,0.9159949998343464,60,master/logs/p1_norm_g5.log,245
n3,norm_g0,0,p1_anchor_centralized_pooled_slider_0dB_s5.json,p1_anchor_centralized_pooled_slider_0dB_s5,centralized_pooled,Centralized pooled,,pooled,slider,0dB,5,0.8971743730113577,60,n3/logs/p1_norm_g0.log,202
master,norm_g4,4,p1_anchor_centralized_pooled_slider_0dB_s6.json,p1_anchor_centralized_pooled_slider_0dB_s6,centralized_pooled,Centralized pooled,,pooled,slider,0dB,6,0.9033886003772448,60,master/logs/p1_norm_g4.log,245
n3,norm_g7,7,p1_anchor_centralized_pooled_slider_0dB_s7.json,p1_anchor_centralized_pooled_slider_0dB_s7,centralized_pooled,Centralized pooled,,pooled,slider,0dB,7,0.9103533828930672,60,n3/logs/p1_norm_g7.log,204
master,norm_g3,3,p1_anchor_centralized_pooled_slider_0dB_s8.json,p1_anchor_centralized_pooled_slider_0dB_s8,centralized_pooled,Centralized pooled,,pooled,slider,0dB,8,0.9199035519987516,60,master/logs/p1_norm_g3.log,245
n3,norm_g1,1,p1_anchor_centralized_pooled_slider_0dB_s9.json,p1_anchor_centralized_pooled_slider_0dB_s9,centralized_pooled,Centralized pooled,,pooled,slider,0dB,9,0.9103037407410934,60,n3/logs/p1_norm_g1.log,204
master,norm_g0,0,p1_anchor_centralized_pooled_slider_6dB_s0.json,p1_anchor_centralized_pooled_slider_6dB_s0,centralized_pooled,Centralized pooled,,pooled,slider,6dB,0,0.9520881130885538,60,master/logs/p1_norm_g0.log,247
n3,norm_g3,3,p1_anchor_centralized_pooled_slider_6dB_s1.json,p1_anchor_centralized_pooled_slider_6dB_s1,centralized_pooled,Centralized pooled,,pooled,slider,6dB,1,0.9590488059895567,60,n3/logs/p1_norm_g3.log,206
master,norm_g2,2,p1_anchor_centralized_pooled_slider_6dB_s2.json,p1_anchor_centralized_pooled_slider_6dB_s2,centralized_pooled,Centralized pooled,,pooled,slider,6dB,2,0.9475500324868606,60,master/logs/p1_norm_g2.log,247
n3,norm_g6,6,p1_anchor_centralized_pooled_slider_6dB_s3.json,p1_anchor_centralized_pooled_slider_6dB_s3,centralized_pooled,Centralized pooled,,pooled,slider,6dB,3,0.9521267403593283,60,n3/logs/p1_norm_g6.log,206
master,norm_g6,6,p1_anchor_centralized_pooled_slider_6dB_s4.json,p1_anchor_centralized_pooled_slider_6dB_s4,centralized_pooled,Centralized pooled,,pooled,slider,6dB,4,0.9643326314760161,60,master/logs/p1_norm_g6.log,249
n3,norm_g4,4,p1_anchor_centralized_pooled_slider_6dB_s5.json,p1_anchor_centralized_pooled_slider_6dB_s5,centralized_pooled,Centralized pooled,,pooled,slider,6dB,5,0.9589697651153818,60,n3/logs/p1_norm_g4.log,206
master,norm_g5,5,p1_anchor_centralized_pooled_slider_6dB_s6.json,p1_anchor_centralized_pooled_slider_6dB_s6,centralized_pooled,Centralized pooled,,pooled,slider,6dB,6,0.954511263842371,60,master/logs/p1_norm_g5.log,247
n3,norm_g2,2,p1_anchor_centralized_pooled_slider_6dB_s7.json,p1_anchor_centralized_pooled_slider_6dB_s7,centralized_pooled,Centralized pooled,,pooled,slider,6dB,7,0.9521396734742096,60,n3/logs/p1_norm_g2.log,206
master,norm_g1,1,p1_anchor_centralized_pooled_slider_6dB_s8.json,p1_anchor_centralized_pooled_slider_6dB_s8,centralized_pooled,Centralized pooled,,pooled,slider,6dB,8,0.9523741279790929,60,master/logs/p1_norm_g1.log,247
n3,norm_g5,5,p1_anchor_centralized_pooled_slider_6dB_s9.json,p1_anchor_centralized_pooled_slider_6dB_s9,centralized_pooled,Centralized pooled,,pooled,slider,6dB,9,0.9560883860864975,60,n3/logs/p1_norm_g5.log,206
master,norm_g7,7,p1_anchor_centralized_pooled_valve_-6dB_s0.json,p1_anchor_centralized_pooled_valve_-6dB_s0,centralized_pooled,Centralized pooled,,pooled,valve,-6dB,0,0.5602625232050239,60,master/logs/p1_norm_g7.log,204
n3,norm_g0,0,p1_anchor_centralized_pooled_valve_-6dB_s1.json,p1_anchor_centralized_pooled_valve_-6dB_s1,centralized_pooled,Centralized pooled,,pooled,valve,-6dB,1,0.5152975748738139,60,n3/logs/p1_norm_g0.log,204
master,norm_g3,3,p1_anchor_centralized_pooled_valve_-6dB_s2.json,p1_anchor_centralized_pooled_valve_-6dB_s2,centralized_pooled,Centralized pooled,,pooled,valve,-6dB,2,0.5214322180244185,60,master/logs/p1_norm_g3.log,247
n3,norm_g7,7,p1_anchor_centralized_pooled_valve_-6dB_s3.json,p1_anchor_centralized_pooled_valve_-6dB_s3,centralized_pooled,Centralized pooled,,pooled,valve,-6dB,3,0.5366124696983692,60,n3/logs/p1_norm_g7.log,206
master,norm_g4,4,p1_anchor_centralized_pooled_valve_-6dB_s4.json,p1_anchor_centralized_pooled_valve_-6dB_s4,centralized_pooled,Centralized pooled,,pooled,valve,-6dB,4,0.513428999065858,60,master/logs/p1_norm_g4.log,247
n3,norm_g1,1,p1_anchor_centralized_pooled_valve_-6dB_s5.json,p1_anchor_centralized_pooled_valve_-6dB_s5,centralized_pooled,Centralized pooled,,pooled,valve,-6dB,5,0.5146051863771335,60,n3/logs/p1_norm_g1.log,206
master,norm_g2,2,p1_anchor_centralized_pooled_valve_-6dB_s6.json,p1_anchor_centralized_pooled_valve_-6dB_s6,centralized_pooled,Centralized pooled,,pooled,valve,-6dB,6,0.5398342002026973,60,master/logs/p1_norm_g2.log,249
n3,norm_g3,3,p1_anchor_centralized_pooled_valve_-6dB_s7.json,p1_anchor_centralized_pooled_valve_-6dB_s7,centralized_pooled,Centralized pooled,,pooled,valve,-6dB,7,0.5368896169589081,60,n3/logs/p1_norm_g3.log,208
master,norm_g0,0,p1_anchor_centralized_pooled_valve_-6dB_s8.json,p1_anchor_centralized_pooled_valve_-6dB_s8,centralized_pooled,Centralized pooled,,pooled,valve,-6dB,8,0.5337870633570694,60,master/logs/p1_norm_g0.log,249
n3,norm_g6,6,p1_anchor_centralized_pooled_valve_-6dB_s9.json,p1_anchor_centralized_pooled_valve_-6dB_s9,centralized_pooled,Centralized pooled,,pooled,valve,-6dB,9,0.5377131250346537,60,n3/logs/p1_norm_g6.log,208
master,norm_g6,6,p1_anchor_centralized_pooled_valve_0dB_s0.json,p1_anchor_centralized_pooled_valve_0dB_s0,centralized_pooled,Centralized pooled,,pooled,valve,0dB,0,0.6261456429148406,60,master/logs/p1_norm_g6.log,251
n3,norm_g4,4,p1_anchor_centralized_pooled_valve_0dB_s1.json,p1_anchor_centralized_pooled_valve_0dB_s1,centralized_pooled,Centralized pooled,,pooled,valve,0dB,1,0.612999306446665,60,n3/logs/p1_norm_g4.log,208
master,norm_g5,5,p1_anchor_centralized_pooled_valve_0dB_s2.json,p1_anchor_centralized_pooled_valve_0dB_s2,centralized_pooled,Centralized pooled,,pooled,valve,0dB,2,0.6023300914148356,60,master/logs/p1_norm_g5.log,249
n3,norm_g5,5,p1_anchor_centralized_pooled_valve_0dB_s3.json,p1_anchor_centralized_pooled_valve_0dB_s3,centralized_pooled,Centralized pooled,,pooled,valve,0dB,3,0.6081489290510651,60,n3/logs/p1_norm_g5.log,208
master,norm_g1,1,p1_anchor_centralized_pooled_valve_0dB_s4.json,p1_anchor_centralized_pooled_valve_0dB_s4,centralized_pooled,Centralized pooled,,pooled,valve,0dB,4,0.6252830485517187,60,master/logs/p1_norm_g1.log,249
n3,norm_g2,2,p1_anchor_centralized_pooled_valve_0dB_s5.json,p1_anchor_centralized_pooled_valve_0dB_s5,centralized_pooled,Centralized pooled,,pooled,valve,0dB,5,0.6254501849814135,60,n3/logs/p1_norm_g2.log,208
master,norm_g4,4,p1_anchor_centralized_pooled_valve_0dB_s6.json,p1_anchor_centralized_pooled_valve_0dB_s6,centralized_pooled,Centralized pooled,,pooled,valve,0dB,6,0.6334739140151199,60,master/logs/p1_norm_g4.log,249
n3,norm_g0,0,p1_anchor_centralized_pooled_valve_0dB_s7.json,p1_anchor_centralized_pooled_valve_0dB_s7,centralized_pooled,Centralized pooled,,pooled,valve,0dB,7,0.6492297379637425,60,n3/logs/p1_norm_g0.log,206
master,norm_g7,7,p1_anchor_centralized_pooled_valve_0dB_s8.json,p1_anchor_centralized_pooled_valve_0dB_s8,centralized_pooled,Centralized pooled,,pooled,valve,0dB,8,0.6286828342116216,60,master/logs/p1_norm_g7.log,206
n3,norm_g7,7,p1_anchor_centralized_pooled_valve_0dB_s9.json,p1_anchor_centralized_pooled_valve_0dB_s9,centralized_pooled,Centralized pooled,,pooled,valve,0dB,9,0.6202129208425319,60,n3/logs/p1_norm_g7.log,208
master,norm_g3,3,p1_anchor_centralized_pooled_valve_6dB_s0.json,p1_anchor_centralized_pooled_valve_6dB_s0,centralized_pooled,Centralized pooled,,pooled,valve,6dB,0,0.7124019418303298,60,master/logs/p1_norm_g3.log,249
n3,norm_g1,1,p1_anchor_centralized_pooled_valve_6dB_s1.json,p1_anchor_centralized_pooled_valve_6dB_s1,centralized_pooled,Centralized pooled,,pooled,valve,6dB,1,0.7038387743395648,60,n3/logs/p1_norm_g1.log,208
master,norm_g2,2,p1_anchor_centralized_pooled_valve_6dB_s2.json,p1_anchor_centralized_pooled_valve_6dB_s2,centralized_pooled,Centralized pooled,,pooled,valve,6dB,2,0.6891649353475857,60,master/logs/p1_norm_g2.log,251
n3,norm_g3,3,p1_anchor_centralized_pooled_valve_6dB_s3.json,p1_anchor_centralized_pooled_valve_6dB_s3,centralized_pooled,Centralized pooled,,pooled,valve,6dB,3,0.6809125238940459,60,n3/logs/p1_norm_g3.log,210
master,norm_g0,0,p1_anchor_centralized_pooled_valve_6dB_s4.json,p1_anchor_centralized_pooled_valve_6dB_s4,centralized_pooled,Centralized pooled,,pooled,valve,6dB,4,0.6975201347534465,60,master/logs/p1_norm_g0.log,251
n3,norm_g6,6,p1_anchor_centralized_pooled_valve_6dB_s5.json,p1_anchor_centralized_pooled_valve_6dB_s5,centralized_pooled,Centralized pooled,,pooled,valve,6dB,5,0.7142197158802306,60,n3/logs/p1_norm_g6.log,210
master,norm_g1,1,p1_anchor_centralized_pooled_valve_6dB_s6.json,p1_anchor_centralized_pooled_valve_6dB_s6,centralized_pooled,Centralized pooled,,pooled,valve,6dB,6,0.6800384627587913,60,master/logs/p1_norm_g1.log,251
n3,norm_g4,4,p1_anchor_centralized_pooled_valve_6dB_s7.json,p1_anchor_centralized_pooled_valve_6dB_s7,centralized_pooled,Centralized pooled,,pooled,valve,6dB,7,0.7150989430955049,60,n3/logs/p1_norm_g4.log,210
master,norm_g6,6,p1_anchor_centralized_pooled_valve_6dB_s8.json,p1_anchor_centralized_pooled_valve_6dB_s8,centralized_pooled,Centralized pooled,,pooled,valve,6dB,8,0.6752571243949088,60,master/logs/p1_norm_g6.log,253
n3,norm_g5,5,p1_anchor_centralized_pooled_valve_6dB_s9.json,p1_anchor_centralized_pooled_valve_6dB_s9,centralized_pooled,Centralized pooled,,pooled,valve,6dB,9,0.7261790492586389,60,n3/logs/p1_norm_g5.log,210
master,norm_g5,5,p1_anchor_local_only_a0p05_fan_-6dB_s0.json,p1_anchor_local_only_a0p05_fan_-6dB_s0,local_only,Local only,0.05,a0p05,fan,-6dB,0,0.5649895340766317,60,master/logs/p1_norm_g5.log,251
n3,norm_g2,2,p1_anchor_local_only_a0p05_fan_-6dB_s1.json,p1_anchor_local_only_a0p05_fan_-6dB_s1,local_only,Local only,0.05,a0p05,fan,-6dB,1,0.6129488763579238,60,n3/logs/p1_norm_g2.log,210
master,norm_g4,4,p1_anchor_local_only_a0p05_fan_-6dB_s2.json,p1_anchor_local_only_a0p05_fan_-6dB_s2,local_only,Local only,0.05,a0p05,fan,-6dB,2,0.6190252825602441,60,master/logs/p1_norm_g4.log,251
n3,norm_g0,0,p1_anchor_local_only_a0p05_fan_-6dB_s3.json,p1_anchor_local_only_a0p05_fan_-6dB_s3,local_only,Local only,0.05,a0p05,fan,-6dB,3,0.6926271027933237,60,n3/logs/p1_norm_g0.log,208
master,norm_g7,7,p1_anchor_local_only_a0p05_fan_-6dB_s4.json,p1_anchor_local_only_a0p05_fan_-6dB_s4,local_only,Local only,0.05,a0p05,fan,-6dB,4,0.6301383899176148,60,master/logs/p1_norm_g7.log,208
n3,norm_g7,7,p1_anchor_local_only_a0p05_fan_-6dB_s5.json,p1_anchor_local_only_a0p05_fan_-6dB_s5,local_only,Local only,0.05,a0p05,fan,-6dB,5,0.7011758751961257,60,n3/logs/p1_norm_g7.log,210
master,norm_g3,3,p1_anchor_local_only_a0p05_fan_-6dB_s6.json,p1_anchor_local_only_a0p05_fan_-6dB_s6,local_only,Local only,0.05,a0p05,fan,-6dB,6,0.7399129023995226,60,master/logs/p1_norm_g3.log,251
n3,norm_g1,1,p1_anchor_local_only_a0p05_fan_-6dB_s7.json,p1_anchor_local_only_a0p05_fan_-6dB_s7,local_only,Local only,0.05,a0p05,fan,-6dB,7,0.6410239502150273,60,n3/logs/p1_norm_g1.log,210
master,norm_g2,2,p1_anchor_local_only_a0p05_fan_-6dB_s8.json,p1_anchor_local_only_a0p05_fan_-6dB_s8,local_only,Local only,0.05,a0p05,fan,-6dB,8,0.6661778082367192,60,master/logs/p1_norm_g2.log,253
n3,norm_g3,3,p1_anchor_local_only_a0p05_fan_-6dB_s9.json,p1_anchor_local_only_a0p05_fan_-6dB_s9,local_only,Local only,0.05,a0p05,fan,-6dB,9,0.5669240907451767,60,n3/logs/p1_norm_g3.log,212
master,norm_g0,0,p1_anchor_local_only_a0p05_fan_0dB_s0.json,p1_anchor_local_only_a0p05_fan_0dB_s0,local_only,Local only,0.05,a0p05,fan,0dB,0,0.7200230419045444,60,master/logs/p1_norm_g0.log,253
n3,norm_g6,6,p1_anchor_local_only_a0p05_fan_0dB_s1.json,p1_anchor_local_only_a0p05_fan_0dB_s1,local_only,Local only,0.05,a0p05,fan,0dB,1,0.8135158204168036,60,n3/logs/p1_norm_g6.log,212
master,norm_g1,1,p1_anchor_local_only_a0p05_fan_0dB_s2.json,p1_anchor_local_only_a0p05_fan_0dB_s2,local_only,Local only,0.05,a0p05,fan,0dB,2,0.8335466177863988,60,master/logs/p1_norm_g1.log,253
n3,norm_g4,4,p1_anchor_local_only_a0p05_fan_0dB_s3.json,p1_anchor_local_only_a0p05_fan_0dB_s3,local_only,Local only,0.05,a0p05,fan,0dB,3,0.7878252770074577,60,n3/logs/p1_norm_g4.log,212
master,norm_g6,6,p1_anchor_local_only_a0p05_fan_0dB_s4.json,p1_anchor_local_only_a0p05_fan_0dB_s4,local_only,Local only,0.05,a0p05,fan,0dB,4,0.6866986722132211,60,master/logs/p1_norm_g6.log,255
n3,norm_g5,5,p1_anchor_local_only_a0p05_fan_0dB_s5.json,p1_anchor_local_only_a0p05_fan_0dB_s5,local_only,Local only,0.05,a0p05,fan,0dB,5,0.8260524006976583,60,n3/logs/p1_norm_g5.log,212
master,norm_g7,7,p1_anchor_local_only_a0p05_fan_0dB_s6.json,p1_anchor_local_only_a0p05_fan_0dB_s6,local_only,Local only,0.05,a0p05,fan,0dB,6,0.8260380174273112,60,master/logs/p1_norm_g7.log,210
n3,norm_g2,2,p1_anchor_local_only_a0p05_fan_0dB_s7.json,p1_anchor_local_only_a0p05_fan_0dB_s7,local_only,Local only,0.05,a0p05,fan,0dB,7,0.7924579724716752,60,n3/logs/p1_norm_g2.log,212
master,norm_g5,5,p1_anchor_local_only_a0p05_fan_0dB_s8.json,p1_anchor_local_only_a0p05_fan_0dB_s8,local_only,Local only,0.05,a0p05,fan,0dB,8,0.8380769883605248,60,master/logs/p1_norm_g5.log,253
n3,norm_g7,7,p1_anchor_local_only_a0p05_fan_0dB_s9.json,p1_anchor_local_only_a0p05_fan_0dB_s9,local_only,Local only,0.05,a0p05,fan,0dB,9,0.7328035846292098,60,n3/logs/p1_norm_g7.log,212
master,norm_g4,4,p1_anchor_local_only_a0p05_fan_6dB_s0.json,p1_anchor_local_only_a0p05_fan_6dB_s0,local_only,Local only,0.05,a0p05,fan,6dB,0,0.9015277888227256,60,master/logs/p1_norm_g4.log,253
n3,norm_g0,0,p1_anchor_local_only_a0p05_fan_6dB_s1.json,p1_anchor_local_only_a0p05_fan_6dB_s1,local_only,Local only,0.05,a0p05,fan,6dB,1,0.9132960789110092,60,n3/logs/p1_norm_g0.log,210
master,norm_g3,3,p1_anchor_local_only_a0p05_fan_6dB_s2.json,p1_anchor_local_only_a0p05_fan_6dB_s2,local_only,Local only,0.05,a0p05,fan,6dB,2,0.9578134805126839,60,master/logs/p1_norm_g3.log,253
n3,norm_g1,1,p1_anchor_local_only_a0p05_fan_6dB_s3.json,p1_anchor_local_only_a0p05_fan_6dB_s3,local_only,Local only,0.05,a0p05,fan,6dB,3,0.897054123706265,60,n3/logs/p1_norm_g1.log,212
master,norm_g2,2,p1_anchor_local_only_a0p05_fan_6dB_s4.json,p1_anchor_local_only_a0p05_fan_6dB_s4,local_only,Local only,0.05,a0p05,fan,6dB,4,0.7538812405554985,60,master/logs/p1_norm_g2.log,255
n3,norm_g3,3,p1_anchor_local_only_a0p05_fan_6dB_s5.json,p1_anchor_local_only_a0p05_fan_6dB_s5,local_only,Local only,0.05,a0p05,fan,6dB,5,0.8800485483143952,60,n3/logs/p1_norm_g3.log,214
master,norm_g0,0,p1_anchor_local_only_a0p05_fan_6dB_s6.json,p1_anchor_local_only_a0p05_fan_6dB_s6,local_only,Local only,0.05,a0p05,fan,6dB,6,0.8823467687272155,60,master/logs/p1_norm_g0.log,255
n3,norm_g6,6,p1_anchor_local_only_a0p05_fan_6dB_s7.json,p1_anchor_local_only_a0p05_fan_6dB_s7,local_only,Local only,0.05,a0p05,fan,6dB,7,0.9511515873499179,60,n3/logs/p1_norm_g6.log,214
master,norm_g6,6,p1_anchor_local_only_a0p05_fan_6dB_s8.json,p1_anchor_local_only_a0p05_fan_6dB_s8,local_only,Local only,0.05,a0p05,fan,6dB,8,0.9388859267486065,60,master/logs/p1_norm_g6.log,257
n3,norm_g5,5,p1_anchor_local_only_a0p05_fan_6dB_s9.json,p1_anchor_local_only_a0p05_fan_6dB_s9,local_only,Local only,0.05,a0p05,fan,6dB,9,0.8665045909746105,60,n3/logs/p1_norm_g5.log,214
master,norm_g1,1,p1_anchor_local_only_a0p05_pump_-6dB_s0.json,p1_anchor_local_only_a0p05_pump_-6dB_s0,local_only,Local only,0.05,a0p05,pump,-6dB,0,0.728690515691878,60,master/logs/p1_norm_g1.log,255
n3,norm_g4,4,p1_anchor_local_only_a0p05_pump_-6dB_s1.json,p1_anchor_local_only_a0p05_pump_-6dB_s1,local_only,Local only,0.05,a0p05,pump,-6dB,1,0.7528242685891676,60,n3/logs/p1_norm_g4.log,214
master,norm_g5,5,p1_anchor_local_only_a0p05_pump_-6dB_s2.json,p1_anchor_local_only_a0p05_pump_-6dB_s2,local_only,Local only,0.05,a0p05,pump,-6dB,2,0.7093797900560793,60,master/logs/p1_norm_g5.log,255
n3,norm_g2,2,p1_anchor_local_only_a0p05_pump_-6dB_s3.json,p1_anchor_local_only_a0p05_pump_-6dB_s3,local_only,Local only,0.05,a0p05,pump,-6dB,3,0.6871416489719543,60,n3/logs/p1_norm_g2.log,214
master,norm_g7,7,p1_anchor_local_only_a0p05_pump_-6dB_s4.json,p1_anchor_local_only_a0p05_pump_-6dB_s4,local_only,Local only,0.05,a0p05,pump,-6dB,4,0.6959202351944235,60,master/logs/p1_norm_g7.log,212
n3,norm_g7,7,p1_anchor_local_only_a0p05_pump_-6dB_s5.json,p1_anchor_local_only_a0p05_pump_-6dB_s5,local_only,Local only,0.05,a0p05,pump,-6dB,5,0.6593154114504618,60,n3/logs/p1_norm_g7.log,214
master,norm_g4,4,p1_anchor_local_only_a0p05_pump_-6dB_s6.json,p1_anchor_local_only_a0p05_pump_-6dB_s6,local_only,Local only,0.05,a0p05,pump,-6dB,6,0.7095555379980564,60,master/logs/p1_norm_g4.log,255
n3,norm_g0,0,p1_anchor_local_only_a0p05_pump_-6dB_s7.json,p1_anchor_local_only_a0p05_pump_-6dB_s7,local_only,Local only,0.05,a0p05,pump,-6dB,7,0.7265171525367877,60,n3/logs/p1_norm_g0.log,212
master,norm_g3,3,p1_anchor_local_only_a0p05_pump_-6dB_s8.json,p1_anchor_local_only_a0p05_pump_-6dB_s8,local_only,Local only,0.05,a0p05,pump,-6dB,8,0.6616368635673309,60,master/logs/p1_norm_g3.log,255
n3,norm_g1,1,p1_anchor_local_only_a0p05_pump_-6dB_s9.json,p1_anchor_local_only_a0p05_pump_-6dB_s9,local_only,Local only,0.05,a0p05,pump,-6dB,9,0.7048518869037916,60,n3/logs/p1_norm_g1.log,214
master,norm_g2,2,p1_anchor_local_only_a0p05_pump_0dB_s0.json,p1_anchor_local_only_a0p05_pump_0dB_s0,local_only,Local only,0.05,a0p05,pump,0dB,0,0.8483523589208982,60,master/logs/p1_norm_g2.log,257
n3,norm_g3,3,p1_anchor_local_only_a0p05_pump_0dB_s1.json,p1_anchor_local_only_a0p05_pump_0dB_s1,local_only,Local only,0.05,a0p05,pump,0dB,1,0.7865366894275249,60,n3/logs/p1_norm_g3.log,216
master,norm_g0,0,p1_anchor_local_only_a0p05_pump_0dB_s2.json,p1_anchor_local_only_a0p05_pump_0dB_s2,local_only,Local only,0.05,a0p05,pump,0dB,2,0.7766975884358328,60,master/logs/p1_norm_g0.log,257
n3,norm_g5,5,p1_anchor_local_only_a0p05_pump_0dB_s3.json,p1_anchor_local_only_a0p05_pump_0dB_s3,local_only,Local only,0.05,a0p05,pump,0dB,3,0.7768912072802554,60,n3/logs/p1_norm_g5.log,216
master,norm_g6,6,p1_anchor_local_only_a0p05_pump_0dB_s4.json,p1_anchor_local_only_a0p05_pump_0dB_s4,local_only,Local only,0.05,a0p05,pump,0dB,4,0.7884204343768579,60,master/logs/p1_norm_g6.log,259
n3,norm_g4,4,p1_anchor_local_only_a0p05_pump_0dB_s5.json,p1_anchor_local_only_a0p05_pump_0dB_s5,local_only,Local only,0.05,a0p05,pump,0dB,5,0.7216687953415173,60,n3/logs/p1_norm_g4.log,216
master,norm_g1,1,p1_anchor_local_only_a0p05_pump_0dB_s6.json,p1_anchor_local_only_a0p05_pump_0dB_s6,local_only,Local only,0.05,a0p05,pump,0dB,6,0.728324198138339,60,master/logs/p1_norm_g1.log,257
n3,norm_g6,6,p1_anchor_local_only_a0p05_pump_0dB_s7.json,p1_anchor_local_only_a0p05_pump_0dB_s7,local_only,Local only,0.05,a0p05,pump,0dB,7,0.7903475489663236,60,n3/logs/p1_norm_g6.log,216
master,norm_g5,5,p1_anchor_local_only_a0p05_pump_0dB_s8.json,p1_anchor_local_only_a0p05_pump_0dB_s8,local_only,Local only,0.05,a0p05,pump,0dB,8,0.7602191813869115,60,master/logs/p1_norm_g5.log,257
n3,norm_g2,2,p1_anchor_local_only_a0p05_pump_0dB_s9.json,p1_anchor_local_only_a0p05_pump_0dB_s9,local_only,Local only,0.05,a0p05,pump,0dB,9,0.8448546254766202,60,n3/logs/p1_norm_g2.log,216
master,norm_g7,7,p1_anchor_local_only_a0p05_pump_6dB_s0.json,p1_anchor_local_only_a0p05_pump_6dB_s0,local_only,Local only,0.05,a0p05,pump,6dB,0,0.8800067210788681,60,master/logs/p1_norm_g7.log,214
n3,norm_g7,7,p1_anchor_local_only_a0p05_pump_6dB_s1.json,p1_anchor_local_only_a0p05_pump_6dB_s1,local_only,Local only,0.05,a0p05,pump,6dB,1,0.8913698014653881,60,n3/logs/p1_norm_g7.log,216
master,norm_g4,4,p1_anchor_local_only_a0p05_pump_6dB_s2.json,p1_anchor_local_only_a0p05_pump_6dB_s2,local_only,Local only,0.05,a0p05,pump,6dB,2,0.8645937918465182,60,master/logs/p1_norm_g4.log,257
n3,norm_g0,0,p1_anchor_local_only_a0p05_pump_6dB_s3.json,p1_anchor_local_only_a0p05_pump_6dB_s3,local_only,Local only,0.05,a0p05,pump,6dB,3,0.8578077736905483,60,n3/logs/p1_norm_g0.log,214
master,norm_g3,3,p1_anchor_local_only_a0p05_pump_6dB_s4.json,p1_anchor_local_only_a0p05_pump_6dB_s4,local_only,Local only,0.05,a0p05,pump,6dB,4,0.8335662583174197,60,master/logs/p1_norm_g3.log,257
n3,norm_g1,1,p1_anchor_local_only_a0p05_pump_6dB_s5.json,p1_anchor_local_only_a0p05_pump_6dB_s5,local_only,Local only,0.05,a0p05,pump,6dB,5,0.8194392311949819,60,n3/logs/p1_norm_g1.log,216
master,norm_g2,2,p1_anchor_local_only_a0p05_pump_6dB_s6.json,p1_anchor_local_only_a0p05_pump_6dB_s6,local_only,Local only,0.05,a0p05,pump,6dB,6,0.7955026657574109,60,master/logs/p1_norm_g2.log,259
n3,norm_g3,3,p1_anchor_local_only_a0p05_pump_6dB_s7.json,p1_anchor_local_only_a0p05_pump_6dB_s7,local_only,Local only,0.05,a0p05,pump,6dB,7,0.8448820202448117,60,n3/logs/p1_norm_g3.log,218
master,norm_g0,0,p1_anchor_local_only_a0p05_pump_6dB_s8.json,p1_anchor_local_only_a0p05_pump_6dB_s8,local_only,Local only,0.05,a0p05,pump,6dB,8,0.8248390835956785,60,master/logs/p1_norm_g0.log,259
n3,norm_g4,4,p1_anchor_local_only_a0p05_pump_6dB_s9.json,p1_anchor_local_only_a0p05_pump_6dB_s9,local_only,Local only,0.05,a0p05,pump,6dB,9,0.9069133638878366,60,n3/logs/p1_norm_g4.log,218
master,norm_g6,6,p1_anchor_local_only_a0p05_slider_-6dB_s0.json,p1_anchor_local_only_a0p05_slider_-6dB_s0,local_only,Local only,0.05,a0p05,slider,-6dB,0,0.8150365458368638,60,master/logs/p1_norm_g6.log,261
n3,norm_g5,5,p1_anchor_local_only_a0p05_slider_-6dB_s1.json,p1_anchor_local_only_a0p05_slider_-6dB_s1,local_only,Local only,0.05,a0p05,slider,-6dB,1,0.7441177899271255,60,n3/logs/p1_norm_g5.log,218
master,norm_g1,1,p1_anchor_local_only_a0p05_slider_-6dB_s2.json,p1_anchor_local_only_a0p05_slider_-6dB_s2,local_only,Local only,0.05,a0p05,slider,-6dB,2,0.6854192112299273,60,master/logs/p1_norm_g1.log,259
n3,norm_g6,6,p1_anchor_local_only_a0p05_slider_-6dB_s3.json,p1_anchor_local_only_a0p05_slider_-6dB_s3,local_only,Local only,0.05,a0p05,slider,-6dB,3,0.7461807516991908,60,n3/logs/p1_norm_g6.log,218
master,norm_g5,5,p1_anchor_local_only_a0p05_slider_-6dB_s4.json,p1_anchor_local_only_a0p05_slider_-6dB_s4,local_only,Local only,0.05,a0p05,slider,-6dB,4,0.7159972785595522,60,master/logs/p1_norm_g5.log,259
n3,norm_g2,2,p1_anchor_local_only_a0p05_slider_-6dB_s5.json,p1_anchor_local_only_a0p05_slider_-6dB_s5,local_only,Local only,0.05,a0p05,slider,-6dB,5,0.6502551341150102,60,n3/logs/p1_norm_g2.log,218
master,norm_g7,7,p1_anchor_local_only_a0p05_slider_-6dB_s6.json,p1_anchor_local_only_a0p05_slider_-6dB_s6,local_only,Local only,0.05,a0p05,slider,-6dB,6,0.8364862274160277,60,master/logs/p1_norm_g7.log,216
n3,norm_g0,0,p1_anchor_local_only_a0p05_slider_-6dB_s7.json,p1_anchor_local_only_a0p05_slider_-6dB_s7,local_only,Local only,0.05,a0p05,slider,-6dB,7,0.7761106185166604,60,n3/logs/p1_norm_g0.log,216
master,norm_g4,4,p1_anchor_local_only_a0p05_slider_-6dB_s8.json,p1_anchor_local_only_a0p05_slider_-6dB_s8,local_only,Local only,0.05,a0p05,slider,-6dB,8,0.7353297691288635,60,master/logs/p1_norm_g4.log,259
n3,norm_g7,7,p1_anchor_local_only_a0p05_slider_-6dB_s9.json,p1_anchor_local_only_a0p05_slider_-6dB_s9,local_only,Local only,0.05,a0p05,slider,-6dB,9,0.8115284345665703,60,n3/logs/p1_norm_g7.log,218
master,norm_g3,3,p1_anchor_local_only_a0p05_slider_0dB_s0.json,p1_anchor_local_only_a0p05_slider_0dB_s0,local_only,Local only,0.05,a0p05,slider,0dB,0,0.9050210529115934,60,master/logs/p1_norm_g3.log,259
n3,norm_g1,1,p1_anchor_local_only_a0p05_slider_0dB_s1.json,p1_anchor_local_only_a0p05_slider_0dB_s1,local_only,Local only,0.05,a0p05,slider,0dB,1,0.8670999685389671,60,n3/logs/p1_norm_g1.log,218
master,norm_g2,2,p1_anchor_local_only_a0p05_slider_0dB_s2.json,p1_anchor_local_only_a0p05_slider_0dB_s2,local_only,Local only,0.05,a0p05,slider,0dB,2,0.7897386338726643,60,master/logs/p1_norm_g2.log,261
n3,norm_g3,3,p1_anchor_local_only_a0p05_slider_0dB_s3.json,p1_anchor_local_only_a0p05_slider_0dB_s3,local_only,Local only,0.05,a0p05,slider,0dB,3,0.8235996613679659,60,n3/logs/p1_norm_g3.log,220
master,norm_g0,0,p1_anchor_local_only_a0p05_slider_0dB_s4.json,p1_anchor_local_only_a0p05_slider_0dB_s4,local_only,Local only,0.05,a0p05,slider,0dB,4,0.8301571358848351,60,master/logs/p1_norm_g0.log,261
n3,norm_g4,4,p1_anchor_local_only_a0p05_slider_0dB_s5.json,p1_anchor_local_only_a0p05_slider_0dB_s5,local_only,Local only,0.05,a0p05,slider,0dB,5,0.8655150295852214,60,n3/logs/p1_norm_g4.log,220
master,norm_g1,1,p1_anchor_local_only_a0p05_slider_0dB_s6.json,p1_anchor_local_only_a0p05_slider_0dB_s6,local_only,Local only,0.05,a0p05,slider,0dB,6,0.9076241512279459,60,master/logs/p1_norm_g1.log,261
n3,norm_g5,5,p1_anchor_local_only_a0p05_slider_0dB_s7.json,p1_anchor_local_only_a0p05_slider_0dB_s7,local_only,Local only,0.05,a0p05,slider,0dB,7,0.8184199930499155,60,n3/logs/p1_norm_g5.log,220
master,norm_g6,6,p1_anchor_local_only_a0p05_slider_0dB_s8.json,p1_anchor_local_only_a0p05_slider_0dB_s8,local_only,Local only,0.05,a0p05,slider,0dB,8,0.839714601155073,60,master/logs/p1_norm_g6.log,263
n3,norm_g6,6,p1_anchor_local_only_a0p05_slider_0dB_s9.json,p1_anchor_local_only_a0p05_slider_0dB_s9,local_only,Local only,0.05,a0p05,slider,0dB,9,0.8817284307487461,60,n3/logs/p1_norm_g6.log,220
master,norm_g5,5,p1_anchor_local_only_a0p05_slider_6dB_s0.json,p1_anchor_local_only_a0p05_slider_6dB_s0,local_only,Local only,0.05,a0p05,slider,6dB,0,0.8833412960772016,60,master/logs/p1_norm_g5.log,261
n3,norm_g2,2,p1_anchor_local_only_a0p05_slider_6dB_s1.json,p1_anchor_local_only_a0p05_slider_6dB_s1,local_only,Local only,0.05,a0p05,slider,6dB,1,0.8552124231907113,60,n3/logs/p1_norm_g2.log,220
master,norm_g7,7,p1_anchor_local_only_a0p05_slider_6dB_s2.json,p1_anchor_local_only_a0p05_slider_6dB_s2,local_only,Local only,0.05,a0p05,slider,6dB,2,0.8481319477693458,60,master/logs/p1_norm_g7.log,218
n3,norm_g0,0,p1_anchor_local_only_a0p05_slider_6dB_s3.json,p1_anchor_local_only_a0p05_slider_6dB_s3,local_only,Local only,0.05,a0p05,slider,6dB,3,0.8688725062687936,60,n3/logs/p1_norm_g0.log,218
master,norm_g4,4,p1_anchor_local_only_a0p05_slider_6dB_s4.json,p1_anchor_local_only_a0p05_slider_6dB_s4,local_only,Local only,0.05,a0p05,slider,6dB,4,0.8603808261667015,60,master/logs/p1_norm_g4.log,261
n3,norm_g7,7,p1_anchor_local_only_a0p05_slider_6dB_s5.json,p1_anchor_local_only_a0p05_slider_6dB_s5,local_only,Local only,0.05,a0p05,slider,6dB,5,0.8779130625969569,60,n3/logs/p1_norm_g7.log,220
master,norm_g0,0,p1_anchor_local_only_a0p05_slider_6dB_s6.json,p1_anchor_local_only_a0p05_slider_6dB_s6,local_only,Local only,0.05,a0p05,slider,6dB,6,0.9276503977146711,60,master/logs/p1_norm_g0.log,263
n3,norm_g1,1,p1_anchor_local_only_a0p05_slider_6dB_s7.json,p1_anchor_local_only_a0p05_slider_6dB_s7,local_only,Local only,0.05,a0p05,slider,6dB,7,0.8476888709227484,60,n3/logs/p1_norm_g1.log,220
master,norm_g3,3,p1_anchor_local_only_a0p05_slider_6dB_s8.json,p1_anchor_local_only_a0p05_slider_6dB_s8,local_only,Local only,0.05,a0p05,slider,6dB,8,0.9007036397295255,60,master/logs/p1_norm_g3.log,261
n3,norm_g3,3,p1_anchor_local_only_a0p05_slider_6dB_s9.json,p1_anchor_local_only_a0p05_slider_6dB_s9,local_only,Local only,0.05,a0p05,slider,6dB,9,0.8941063301556853,60,n3/logs/p1_norm_g3.log,222
master,norm_g2,2,p1_anchor_local_only_a0p05_valve_-6dB_s0.json,p1_anchor_local_only_a0p05_valve_-6dB_s0,local_only,Local only,0.05,a0p05,valve,-6dB,0,0.4316547639448253,60,master/logs/p1_norm_g2.log,263
n3,norm_g4,4,p1_anchor_local_only_a0p05_valve_-6dB_s1.json,p1_anchor_local_only_a0p05_valve_-6dB_s1,local_only,Local only,0.05,a0p05,valve,-6dB,1,0.5408131346191607,60,n3/logs/p1_norm_g4.log,222
master,norm_g1,1,p1_anchor_local_only_a0p05_valve_-6dB_s2.json,p1_anchor_local_only_a0p05_valve_-6dB_s2,local_only,Local only,0.05,a0p05,valve,-6dB,2,0.5166922300381809,60,master/logs/p1_norm_g1.log,263
n3,norm_g5,5,p1_anchor_local_only_a0p05_valve_-6dB_s3.json,p1_anchor_local_only_a0p05_valve_-6dB_s3,local_only,Local only,0.05,a0p05,valve,-6dB,3,0.40159668686159,60,n3/logs/p1_norm_g5.log,222
master,norm_g6,6,p1_anchor_local_only_a0p05_valve_-6dB_s4.json,p1_anchor_local_only_a0p05_valve_-6dB_s4,local_only,Local only,0.05,a0p05,valve,-6dB,4,0.45640663627434974,60,master/logs/p1_norm_g6.log,265
n3,norm_g6,6,p1_anchor_local_only_a0p05_valve_-6dB_s5.json,p1_anchor_local_only_a0p05_valve_-6dB_s5,local_only,Local only,0.05,a0p05,valve,-6dB,5,0.5431178444540085,60,n3/logs/p1_norm_g6.log,222
master,norm_g7,7,p1_anchor_local_only_a0p05_valve_-6dB_s6.json,p1_anchor_local_only_a0p05_valve_-6dB_s6,local_only,Local only,0.05,a0p05,valve,-6dB,6,0.5481866880109239,60,master/logs/p1_norm_g7.log,220
n3,norm_g2,2,p1_anchor_local_only_a0p05_valve_-6dB_s7.json,p1_anchor_local_only_a0p05_valve_-6dB_s7,local_only,Local only,0.05,a0p05,valve,-6dB,7,0.4839811490718858,60,n3/logs/p1_norm_g2.log,222
master,norm_g4,4,p1_anchor_local_only_a0p05_valve_-6dB_s8.json,p1_anchor_local_only_a0p05_valve_-6dB_s8,local_only,Local only,0.05,a0p05,valve,-6dB,8,0.4969500825323409,60,master/logs/p1_norm_g4.log,263
n3,norm_g7,7,p1_anchor_local_only_a0p05_valve_-6dB_s9.json,p1_anchor_local_only_a0p05_valve_-6dB_s9,local_only,Local only,0.05,a0p05,valve,-6dB,9,0.4695025612704262,60,n3/logs/p1_norm_g7.log,222
master,norm_g5,5,p1_anchor_local_only_a0p05_valve_0dB_s0.json,p1_anchor_local_only_a0p05_valve_0dB_s0,local_only,Local only,0.05,a0p05,valve,0dB,0,0.5913781198885099,60,master/logs/p1_norm_g5.log,263
n3,norm_g0,0,p1_anchor_local_only_a0p05_valve_0dB_s1.json,p1_anchor_local_only_a0p05_valve_0dB_s1,local_only,Local only,0.05,a0p05,valve,0dB,1,0.5627309986471342,60,n3/logs/p1_norm_g0.log,220
master,norm_g0,0,p1_anchor_local_only_a0p05_valve_0dB_s2.json,p1_anchor_local_only_a0p05_valve_0dB_s2,local_only,Local only,0.05,a0p05,valve,0dB,2,0.6070832519849554,60,master/logs/p1_norm_g0.log,265
n3,norm_g1,1,p1_anchor_local_only_a0p05_valve_0dB_s3.json,p1_anchor_local_only_a0p05_valve_0dB_s3,local_only,Local only,0.05,a0p05,valve,0dB,3,0.6351493776250474,60,n3/logs/p1_norm_g1.log,222
master,norm_g3,3,p1_anchor_local_only_a0p05_valve_0dB_s4.json,p1_anchor_local_only_a0p05_valve_0dB_s4,local_only,Local only,0.05,a0p05,valve,0dB,4,0.5696331675023608,60,master/logs/p1_norm_g3.log,263
n3,norm_g3,3,p1_anchor_local_only_a0p05_valve_0dB_s5.json,p1_anchor_local_only_a0p05_valve_0dB_s5,local_only,Local only,0.05,a0p05,valve,0dB,5,0.5636475381853904,60,n3/logs/p1_norm_g3.log,224
master,norm_g2,2,p1_anchor_local_only_a0p05_valve_0dB_s6.json,p1_anchor_local_only_a0p05_valve_0dB_s6,local_only,Local only,0.05,a0p05,valve,0dB,6,0.5792006316576334,60,master/logs/p1_norm_g2.log,265
n3,norm_g4,4,p1_anchor_local_only_a0p05_valve_0dB_s7.json,p1_anchor_local_only_a0p05_valve_0dB_s7,local_only,Local only,0.05,a0p05,valve,0dB,7,0.5126200980394041,60,n3/logs/p1_norm_g4.log,224
master,norm_g1,1,p1_anchor_local_only_a0p05_valve_0dB_s8.json,p1_anchor_local_only_a0p05_valve_0dB_s8,local_only,Local only,0.05,a0p05,valve,0dB,8,0.5099705193557228,60,master/logs/p1_norm_g1.log,265
n3,norm_g5,5,p1_anchor_local_only_a0p05_valve_0dB_s9.json,p1_anchor_local_only_a0p05_valve_0dB_s9,local_only,Local only,0.05,a0p05,valve,0dB,9,0.5377940057021373,60,n3/logs/p1_norm_g5.log,224
master,norm_g6,6,p1_anchor_local_only_a0p05_valve_6dB_s0.json,p1_anchor_local_only_a0p05_valve_6dB_s0,local_only,Local only,0.05,a0p05,valve,6dB,0,0.6902996420290516,60,master/logs/p1_norm_g6.log,267
n3,norm_g6,6,p1_anchor_local_only_a0p05_valve_6dB_s1.json,p1_anchor_local_only_a0p05_valve_6dB_s1,local_only,Local only,0.05,a0p05,valve,6dB,1,0.5869922452336033,60,n3/logs/p1_norm_g6.log,224
master,norm_g4,4,p1_anchor_local_only_a0p05_valve_6dB_s2.json,p1_anchor_local_only_a0p05_valve_6dB_s2,local_only,Local only,0.05,a0p05,valve,6dB,2,0.5710008489506572,60,master/logs/p1_norm_g4.log,265
n3,norm_g2,2,p1_anchor_local_only_a0p05_valve_6dB_s3.json,p1_anchor_local_only_a0p05_valve_6dB_s3,local_only,Local only,0.05,a0p05,valve,6dB,3,0.6419421390705755,60,n3/logs/p1_norm_g2.log,224
master,norm_g7,7,p1_anchor_local_only_a0p05_valve_6dB_s4.json,p1_anchor_local_only_a0p05_valve_6dB_s4,local_only,Local only,0.05,a0p05,valve,6dB,4,0.6221809162390359,60,master/logs/p1_norm_g7.log,222
n3,norm_g7,7,p1_anchor_local_only_a0p05_valve_6dB_s5.json,p1_anchor_local_only_a0p05_valve_6dB_s5,local_only,Local only,0.05,a0p05,valve,6dB,5,0.5427764034658504,60,n3/logs/p1_norm_g7.log,224
master,norm_g5,5,p1_anchor_local_only_a0p05_valve_6dB_s6.json,p1_anchor_local_only_a0p05_valve_6dB_s6,local_only,Local only,0.05,a0p05,valve,6dB,6,0.6507917868462292,60,master/logs/p1_norm_g5.log,265
n3,norm_g0,0,p1_anchor_local_only_a0p05_valve_6dB_s7.json,p1_anchor_local_only_a0p05_valve_6dB_s7,local_only,Local only,0.05,a0p05,valve,6dB,7,0.47781837054255927,60,n3/logs/p1_norm_g0.log,222
master,norm_g3,3,p1_anchor_local_only_a0p05_valve_6dB_s8.json,p1_anchor_local_only_a0p05_valve_6dB_s8,local_only,Local only,0.05,a0p05,valve,6dB,8,0.5987917501641279,60,master/logs/p1_norm_g3.log,265
n3,norm_g1,1,p1_anchor_local_only_a0p05_valve_6dB_s9.json,p1_anchor_local_only_a0p05_valve_6dB_s9,local_only,Local only,0.05,a0p05,valve,6dB,9,0.5363670057098611,60,n3/logs/p1_norm_g1.log,224
master,norm_g0,0,p1_anchor_local_only_a100p0_fan_-6dB_s0.json,p1_anchor_local_only_a100p0_fan_-6dB_s0,local_only,Local only,100.0,a100,fan,-6dB,0,0.5465951463622792,60,master/logs/p1_norm_g0.log,267
n3,norm_g3,3,p1_anchor_local_only_a100p0_fan_-6dB_s1.json,p1_anchor_local_only_a100p0_fan_-6dB_s1,local_only,Local only,100.0,a100,fan,-6dB,1,0.5929825250419104,60,n3/logs/p1_norm_g3.log,226
master,norm_g1,1,p1_anchor_local_only_a100p0_fan_-6dB_s2.json,p1_anchor_local_only_a100p0_fan_-6dB_s2,local_only,Local only,100.0,a100,fan,-6dB,2,0.5716188008579215,60,master/logs/p1_norm_g1.log,267
n3,norm_g5,5,p1_anchor_local_only_a100p0_fan_-6dB_s3.json,p1_anchor_local_only_a100p0_fan_-6dB_s3,local_only,Local only,100.0,a100,fan,-6dB,3,0.5644450421177949,60,n3/logs/p1_norm_g5.log,226
master,norm_g2,2,p1_anchor_local_only_a100p0_fan_-6dB_s4.json,p1_anchor_local_only_a100p0_fan_-6dB_s4,local_only,Local only,100.0,a100,fan,-6dB,4,0.5793092759993137,60,master/logs/p1_norm_g2.log,267
n3,norm_g4,4,p1_anchor_local_only_a100p0_fan_-6dB_s5.json,p1_anchor_local_only_a100p0_fan_-6dB_s5,local_only,Local only,100.0,a100,fan,-6dB,5,0.563111545433439,60,n3/logs/p1_norm_g4.log,226
master,norm_g6,6,p1_anchor_local_only_a100p0_fan_-6dB_s6.json,p1_anchor_local_only_a100p0_fan_-6dB_s6,local_only,Local only,100.0,a100,fan,-6dB,6,0.5900604123323685,60,master/logs/p1_norm_g6.log,269
n3,norm_g6,6,p1_anchor_local_only_a100p0_fan_-6dB_s7.json,p1_anchor_local_only_a100p0_fan_-6dB_s7,local_only,Local only,100.0,a100,fan,-6dB,7,0.563669957189924,60,n3/logs/p1_norm_g6.log,226
master,norm_g4,4,p1_anchor_local_only_a100p0_fan_-6dB_s8.json,p1_anchor_local_only_a100p0_fan_-6dB_s8,local_only,Local only,100.0,a100,fan,-6dB,8,0.5731600006519935,60,master/logs/p1_norm_g4.log,267
n3,norm_g2,2,p1_anchor_local_only_a100p0_fan_-6dB_s9.json,p1_anchor_local_only_a100p0_fan_-6dB_s9,local_only,Local only,100.0,a100,fan,-6dB,9,0.5852009386214776,60,n3/logs/p1_norm_g2.log,226
master,norm_g7,7,p1_anchor_local_only_a100p0_fan_0dB_s0.json,p1_anchor_local_only_a100p0_fan_0dB_s0,local_only,Local only,100.0,a100,fan,0dB,0,0.7381995156119052,60,master/logs/p1_norm_g7.log,224
n3,norm_g7,7,p1_anchor_local_only_a100p0_fan_0dB_s1.json,p1_anchor_local_only_a100p0_fan_0dB_s1,local_only,Local only,100.0,a100,fan,0dB,1,0.741073790466741,60,n3/logs/p1_norm_g7.log,226
master,norm_g5,5,p1_anchor_local_only_a100p0_fan_0dB_s2.json,p1_anchor_local_only_a100p0_fan_0dB_s2,local_only,Local only,100.0,a100,fan,0dB,2,0.7545907423579812,60,master/logs/p1_norm_g5.log,267
n3,norm_g0,0,p1_anchor_local_only_a100p0_fan_0dB_s3.json,p1_anchor_local_only_a100p0_fan_0dB_s3,local_only,Local only,100.0,a100,fan,0dB,3,0.7317089432185979,60,n3/logs/p1_norm_g0.log,224
master,norm_g3,3,p1_anchor_local_only_a100p0_fan_0dB_s4.json,p1_anchor_local_only_a100p0_fan_0dB_s4,local_only,Local only,100.0,a100,fan,0dB,4,0.757298267400465,60,master/logs/p1_norm_g3.log,267
n3,norm_g1,1,p1_anchor_local_only_a100p0_fan_0dB_s5.json,p1_anchor_local_only_a100p0_fan_0dB_s5,local_only,Local only,100.0,a100,fan,0dB,5,0.7461917771412714,60,n3/logs/p1_norm_g1.log,226
master,norm_g2,2,p1_anchor_local_only_a100p0_fan_0dB_s6.json,p1_anchor_local_only_a100p0_fan_0dB_s6,local_only,Local only,100.0,a100,fan,0dB,6,0.7292705861953941,60,master/logs/p1_norm_g2.log,269
n3,norm_g3,3,p1_anchor_local_only_a100p0_fan_0dB_s7.json,p1_anchor_local_only_a100p0_fan_0dB_s7,local_only,Local only,100.0,a100,fan,0dB,7,0.7405497388460472,60,n3/logs/p1_norm_g3.log,228
master,norm_g0,0,p1_anchor_local_only_a100p0_fan_0dB_s8.json,p1_anchor_local_only_a100p0_fan_0dB_s8,local_only,Local only,100.0,a100,fan,0dB,8,0.7284074019304508,60,master/logs/p1_norm_g0.log,269
n3,norm_g5,5,p1_anchor_local_only_a100p0_fan_0dB_s9.json,p1_anchor_local_only_a100p0_fan_0dB_s9,local_only,Local only,100.0,a100,fan,0dB,9,0.732378600440156,60,n3/logs/p1_norm_g5.log,228
master,norm_g1,1,p1_anchor_local_only_a100p0_fan_6dB_s0.json,p1_anchor_local_only_a100p0_fan_6dB_s0,local_only,Local only,100.0,a100,fan,6dB,0,0.908543364268669,60,master/logs/p1_norm_g1.log,269
n3,norm_g4,4,p1_anchor_local_only_a100p0_fan_6dB_s1.json,p1_anchor_local_only_a100p0_fan_6dB_s1,local_only,Local only,100.0,a100,fan,6dB,1,0.9156783153578963,60,n3/logs/p1_norm_g4.log,228
master,norm_g6,6,p1_anchor_local_only_a100p0_fan_6dB_s2.json,p1_anchor_local_only_a100p0_fan_6dB_s2,local_only,Local only,100.0,a100,fan,6dB,2,0.9196058430563866,60,master/logs/p1_norm_g6.log,271
n3,norm_g6,6,p1_anchor_local_only_a100p0_fan_6dB_s3.json,p1_anchor_local_only_a100p0_fan_6dB_s3,local_only,Local only,100.0,a100,fan,6dB,3,0.8971249708704443,60,n3/logs/p1_norm_g6.log,228
master,norm_g4,4,p1_anchor_local_only_a100p0_fan_6dB_s4.json,p1_anchor_local_only_a100p0_fan_6dB_s4,local_only,Local only,100.0,a100,fan,6dB,4,0.9193618377312479,60,master/logs/p1_norm_g4.log,269
n3,norm_g2,2,p1_anchor_local_only_a100p0_fan_6dB_s5.json,p1_anchor_local_only_a100p0_fan_6dB_s5,local_only,Local only,100.0,a100,fan,6dB,5,0.9056929956025099,60,n3/logs/p1_norm_g2.log,228
master,norm_g5,5,p1_anchor_local_only_a100p0_fan_6dB_s6.json,p1_anchor_local_only_a100p0_fan_6dB_s6,local_only,Local only,100.0,a100,fan,6dB,6,0.9078748742744296,60,master/logs/p1_norm_g5.log,269
n3,norm_g7,7,p1_anchor_local_only_a100p0_fan_6dB_s7.json,p1_anchor_local_only_a100p0_fan_6dB_s7,local_only,Local only,100.0,a100,fan,6dB,7,0.9063851126365131,60,n3/logs/p1_norm_g7.log,228
master,norm_g7,7,p1_anchor_local_only_a100p0_fan_6dB_s8.json,p1_anchor_local_only_a100p0_fan_6dB_s8,local_only,Local only,100.0,a100,fan,6dB,8,0.9009029643690178,60,master/logs/p1_norm_g7.log,226
n3,norm_g0,0,p1_anchor_local_only_a100p0_fan_6dB_s9.json,p1_anchor_local_only_a100p0_fan_6dB_s9,local_only,Local only,100.0,a100,fan,6dB,9,0.9075371591566723,60,n3/logs/p1_norm_g0.log,226
master,norm_g3,3,p1_anchor_local_only_a100p0_pump_-6dB_s0.json,p1_anchor_local_only_a100p0_pump_-6dB_s0,local_only,Local only,100.0,a100,pump,-6dB,0,0.6542977681559956,60,master/logs/p1_norm_g3.log,269
n3,norm_g1,1,p1_anchor_local_only_a100p0_pump_-6dB_s1.json,p1_anchor_local_only_a100p0_pump_-6dB_s1,local_only,Local only,100.0,a100,pump,-6dB,1,0.6644465102059175,60,n3/logs/p1_norm_g1.log,228
master,norm_g0,0,p1_anchor_local_only_a100p0_pump_-6dB_s2.json,p1_anchor_local_only_a100p0_pump_-6dB_s2,local_only,Local only,100.0,a100,pump,-6dB,2,0.6707901313691773,60,master/logs/p1_norm_g0.log,271
n3,norm_g3,3,p1_anchor_local_only_a100p0_pump_-6dB_s3.json,p1_anchor_local_only_a100p0_pump_-6dB_s3,local_only,Local only,100.0,a100,pump,-6dB,3,0.6235494164517046,60,n3/logs/p1_norm_g3.log,230
master,norm_g2,2,p1_anchor_local_only_a100p0_pump_-6dB_s4.json,p1_anchor_local_only_a100p0_pump_-6dB_s4,local_only,Local only,100.0,a100,pump,-6dB,4,0.6475652124813578,60,master/logs/p1_norm_g2.log,271
n3,norm_g5,5,p1_anchor_local_only_a100p0_pump_-6dB_s5.json,p1_anchor_local_only_a100p0_pump_-6dB_s5,local_only,Local only,100.0,a100,pump,-6dB,5,0.637078253783735,60,n3/logs/p1_norm_g5.log,230
master,norm_g1,1,p1_anchor_local_only_a100p0_pump_-6dB_s6.json,p1_anchor_local_only_a100p0_pump_-6dB_s6,local_only,Local only,100.0,a100,pump,-6dB,6,0.6844689060452989,60,master/logs/p1_norm_g1.log,271
n3,norm_g2,2,p1_anchor_local_only_a100p0_pump_-6dB_s7.json,p1_anchor_local_only_a100p0_pump_-6dB_s7,local_only,Local only,100.0,a100,pump,-6dB,7,0.6361973071215272,60,n3/logs/p1_norm_g2.log,230
master,norm_g6,6,p1_anchor_local_only_a100p0_pump_-6dB_s8.json,p1_anchor_local_only_a100p0_pump_-6dB_s8,local_only,Local only,100.0,a100,pump,-6dB,8,0.671384907965084,60,master/logs/p1_norm_g6.log,273
n3,norm_g4,4,p1_anchor_local_only_a100p0_pump_-6dB_s9.json,p1_anchor_local_only_a100p0_pump_-6dB_s9,local_only,Local only,100.0,a100,pump,-6dB,9,0.6657519484836306,60,n3/logs/p1_norm_g4.log,230
master,norm_g4,4,p1_anchor_local_only_a100p0_pump_0dB_s0.json,p1_anchor_local_only_a100p0_pump_0dB_s0,local_only,Local only,100.0,a100,pump,0dB,0,0.7317577071901804,60,master/logs/p1_norm_g4.log,271
n3,norm_g6,6,p1_anchor_local_only_a100p0_pump_0dB_s1.json,p1_anchor_local_only_a100p0_pump_0dB_s1,local_only,Local only,100.0,a100,pump,0dB,1,0.7335653040019317,60,n3/logs/p1_norm_g6.log,230
master,norm_g5,5,p1_anchor_local_only_a100p0_pump_0dB_s2.json,p1_anchor_local_only_a100p0_pump_0dB_s2,local_only,Local only,100.0,a100,pump,0dB,2,0.7362459882357484,60,master/logs/p1_norm_g5.log,271
n3,norm_g0,0,p1_anchor_local_only_a100p0_pump_0dB_s3.json,p1_anchor_local_only_a100p0_pump_0dB_s3,local_only,Local only,100.0,a100,pump,0dB,3,0.7002648001673539,60,n3/logs/p1_norm_g0.log,228
master,norm_g7,7,p1_anchor_local_only_a100p0_pump_0dB_s4.json,p1_anchor_local_only_a100p0_pump_0dB_s4,local_only,Local only,100.0,a100,pump,0dB,4,0.7366434504996863,60,master/logs/p1_norm_g7.log,228
n3,norm_g7,7,p1_anchor_local_only_a100p0_pump_0dB_s5.json,p1_anchor_local_only_a100p0_pump_0dB_s5,local_only,Local only,100.0,a100,pump,0dB,5,0.7307480324445466,60,n3/logs/p1_norm_g7.log,230
master,norm_g3,3,p1_anchor_local_only_a100p0_pump_0dB_s6.json,p1_anchor_local_only_a100p0_pump_0dB_s6,local_only,Local only,100.0,a100,pump,0dB,6,0.7326999897422325,60,master/logs/p1_norm_g3.log,271
n3,norm_g1,1,p1_anchor_local_only_a100p0_pump_0dB_s7.json,p1_anchor_local_only_a100p0_pump_0dB_s7,local_only,Local only,100.0,a100,pump,0dB,7,0.7305510988853294,60,n3/logs/p1_norm_g1.log,230
master,norm_g2,2,p1_anchor_local_only_a100p0_pump_0dB_s8.json,p1_anchor_local_only_a100p0_pump_0dB_s8,local_only,Local only,100.0,a100,pump,0dB,8,0.7569520769532991,60,master/logs/p1_norm_g2.log,273
n3,norm_g3,3,p1_anchor_local_only_a100p0_pump_0dB_s9.json,p1_anchor_local_only_a100p0_pump_0dB_s9,local_only,Local only,100.0,a100,pump,0dB,9,0.731861287906805,60,n3/logs/p1_norm_g3.log,232
master,norm_g0,0,p1_anchor_local_only_a100p0_pump_6dB_s0.json,p1_anchor_local_only_a100p0_pump_6dB_s0,local_only,Local only,100.0,a100,pump,6dB,0,0.8424057872462182,60,master/logs/p1_norm_g0.log,273
n3,norm_g5,5,p1_anchor_local_only_a100p0_pump_6dB_s1.json,p1_anchor_local_only_a100p0_pump_6dB_s1,local_only,Local only,100.0,a100,pump,6dB,1,0.851737439025605,60,n3/logs/p1_norm_g5.log,232
master,norm_g1,1,p1_anchor_local_only_a100p0_pump_6dB_s2.json,p1_anchor_local_only_a100p0_pump_6dB_s2,local_only,Local only,100.0,a100,pump,6dB,2,0.8667639770709105,60,master/logs/p1_norm_g1.log,273
n3,norm_g2,2,p1_anchor_local_only_a100p0_pump_6dB_s3.json,p1_anchor_local_only_a100p0_pump_6dB_s3,local_only,Local only,100.0,a100,pump,6dB,3,0.8166857167790595,60,n3/logs/p1_norm_g2.log,232
master,norm_g6,6,p1_anchor_local_only_a100p0_pump_6dB_s4.json,p1_anchor_local_only_a100p0_pump_6dB_s4,local_only,Local only,100.0,a100,pump,6dB,4,0.8621733373906896,60,master/logs/p1_norm_g6.log,275
n3,norm_g4,4,p1_anchor_local_only_a100p0_pump_6dB_s5.json,p1_anchor_local_only_a100p0_pump_6dB_s5,local_only,Local only,100.0,a100,pump,6dB,5,0.847705364197318,60,n3/logs/p1_norm_g4.log,232
master,norm_g4,4,p1_anchor_local_only_a100p0_pump_6dB_s6.json,p1_anchor_local_only_a100p0_pump_6dB_s6,local_only,Local only,100.0,a100,pump,6dB,6,0.853608328713166,60,master/logs/p1_norm_g4.log,273
n3,norm_g0,0,p1_anchor_local_only_a100p0_pump_6dB_s7.json,p1_anchor_local_only_a100p0_pump_6dB_s7,local_only,Local only,100.0,a100,pump,6dB,7,0.8403920566716181,60,n3/logs/p1_norm_g0.log,230
master,norm_g5,5,p1_anchor_local_only_a100p0_pump_6dB_s8.json,p1_anchor_local_only_a100p0_pump_6dB_s8,local_only,Local only,100.0,a100,pump,6dB,8,0.8622838304396329,60,master/logs/p1_norm_g5.log,273
n3,norm_g6,6,p1_anchor_local_only_a100p0_pump_6dB_s9.json,p1_anchor_local_only_a100p0_pump_6dB_s9,local_only,Local only,100.0,a100,pump,6dB,9,0.8628559945755441,60,n3/logs/p1_norm_g6.log,232
master,norm_g7,7,p1_anchor_local_only_a100p0_slider_-6dB_s0.json,p1_anchor_local_only_a100p0_slider_-6dB_s0,local_only,Local only,100.0,a100,slider,-6dB,0,0.8050247181291187,60,master/logs/p1_norm_g7.log,230
n3,norm_g7,7,p1_anchor_local_only_a100p0_slider_-6dB_s1.json,p1_anchor_local_only_a100p0_slider_-6dB_s1,local_only,Local only,100.0,a100,slider,-6dB,1,0.7994361703867263,60,n3/logs/p1_norm_g7.log,232
master,norm_g3,3,p1_anchor_local_only_a100p0_slider_-6dB_s2.json,p1_anchor_local_only_a100p0_slider_-6dB_s2,local_only,Local only,100.0,a100,slider,-6dB,2,0.7923202267947239,60,master/logs/p1_norm_g3.log,273
n3,norm_g1,1,p1_anchor_local_only_a100p0_slider_-6dB_s3.json,p1_anchor_local_only_a100p0_slider_-6dB_s3,local_only,Local only,100.0,a100,slider,-6dB,3,0.7451118900449634,60,n3/logs/p1_norm_g1.log,232
master,norm_g2,2,p1_anchor_local_only_a100p0_slider_-6dB_s4.json,p1_anchor_local_only_a100p0_slider_-6dB_s4,local_only,Local only,100.0,a100,slider,-6dB,4,0.7818137321946781,60,master/logs/p1_norm_g2.log,275
n3,norm_g3,3,p1_anchor_local_only_a100p0_slider_-6dB_s5.json,p1_anchor_local_only_a100p0_slider_-6dB_s5,local_only,Local only,100.0,a100,slider,-6dB,5,0.7838638528659958,60,n3/logs/p1_norm_g3.log,234
master,norm_g0,0,p1_anchor_local_only_a100p0_slider_-6dB_s6.json,p1_anchor_local_only_a100p0_slider_-6dB_s6,local_only,Local only,100.0,a100,slider,-6dB,6,0.7860276068103327,60,master/logs/p1_norm_g0.log,275
n3,norm_g5,5,p1_anchor_local_only_a100p0_slider_-6dB_s7.json,p1_anchor_local_only_a100p0_slider_-6dB_s7,local_only,Local only,100.0,a100,slider,-6dB,7,0.7784301932620963,60,n3/logs/p1_norm_g5.log,234
master,norm_g1,1,p1_anchor_local_only_a100p0_slider_-6dB_s8.json,p1_anchor_local_only_a100p0_slider_-6dB_s8,local_only,Local only,100.0,a100,slider,-6dB,8,0.8036826564452003,60,master/logs/p1_norm_g1.log,275
n3,norm_g4,4,p1_anchor_local_only_a100p0_slider_-6dB_s9.json,p1_anchor_local_only_a100p0_slider_-6dB_s9,local_only,Local only,100.0,a100,slider,-6dB,9,0.7986480708091436,60,n3/logs/p1_norm_g4.log,234
master,norm_g6,6,p1_anchor_local_only_a100p0_slider_0dB_s0.json,p1_anchor_local_only_a100p0_slider_0dB_s0,local_only,Local only,100.0,a100,slider,0dB,0,0.8682393070691642,60,master/logs/p1_norm_g6.log,277
n3,norm_g2,2,p1_anchor_local_only_a100p0_slider_0dB_s1.json,p1_anchor_local_only_a100p0_slider_0dB_s1,local_only,Local only,100.0,a100,slider,0dB,1,0.863464888006027,60,n3/logs/p1_norm_g2.log,234
master,norm_g4,4,p1_anchor_local_only_a100p0_slider_0dB_s2.json,p1_anchor_local_only_a100p0_slider_0dB_s2,local_only,Local only,100.0,a100,slider,0dB,2,0.8582571378433806,60,master/logs/p1_norm_g4.log,275
n3,norm_g6,6,p1_anchor_local_only_a100p0_slider_0dB_s3.json,p1_anchor_local_only_a100p0_slider_0dB_s3,local_only,Local only,100.0,a100,slider,0dB,3,0.8482216917205431,60,n3/logs/p1_norm_g6.log,234
master,norm_g5,5,p1_anchor_local_only_a100p0_slider_0dB_s4.json,p1_anchor_local_only_a100p0_slider_0dB_s4,local_only,Local only,100.0,a100,slider,0dB,4,0.8632564936239285,60,master/logs/p1_norm_g5.log,275
n3,norm_g0,0,p1_anchor_local_only_a100p0_slider_0dB_s5.json,p1_anchor_local_only_a100p0_slider_0dB_s5,local_only,Local only,100.0,a100,slider,0dB,5,0.8546265260307461,60,n3/logs/p1_norm_g0.log,232
master,norm_g3,3,p1_anchor_local_only_a100p0_slider_0dB_s6.json,p1_anchor_local_only_a100p0_slider_0dB_s6,local_only,Local only,100.0,a100,slider,0dB,6,0.8407399053537077,60,master/logs/p1_norm_g3.log,275
n3,norm_g1,1,p1_anchor_local_only_a100p0_slider_0dB_s7.json,p1_anchor_local_only_a100p0_slider_0dB_s7,local_only,Local only,100.0,a100,slider,0dB,7,0.8478224827102124,60,n3/logs/p1_norm_g1.log,234
master,norm_g2,2,p1_anchor_local_only_a100p0_slider_0dB_s8.json,p1_anchor_local_only_a100p0_slider_0dB_s8,local_only,Local only,100.0,a100,slider,0dB,8,0.8750385517436658,60,master/logs/p1_norm_g2.log,277
n3,norm_g7,7,p1_anchor_local_only_a100p0_slider_0dB_s9.json,p1_anchor_local_only_a100p0_slider_0dB_s9,local_only,Local only,100.0,a100,slider,0dB,9,0.8513387668886512,60,n3/logs/p1_norm_g7.log,234
master,norm_g7,7,p1_anchor_local_only_a100p0_slider_6dB_s0.json,p1_anchor_local_only_a100p0_slider_6dB_s0,local_only,Local only,100.0,a100,slider,6dB,0,0.9032318099567167,60,master/logs/p1_norm_g7.log,232
n3,norm_g3,3,p1_anchor_local_only_a100p0_slider_6dB_s1.json,p1_anchor_local_only_a100p0_slider_6dB_s1,local_only,Local only,100.0,a100,slider,6dB,1,0.8877137838798805,60,n3/logs/p1_norm_g3.log,236
master,norm_g0,0,p1_anchor_local_only_a100p0_slider_6dB_s2.json,p1_anchor_local_only_a100p0_slider_6dB_s2,local_only,Local only,100.0,a100,slider,6dB,2,0.8951349679628029,60,master/logs/p1_norm_g0.log,277
n3,norm_g4,4,p1_anchor_local_only_a100p0_slider_6dB_s3.json,p1_anchor_local_only_a100p0_slider_6dB_s3,local_only,Local only,100.0,a100,slider,6dB,3,0.8825859728445516,60,n3/logs/p1_norm_g4.log,236
master,norm_g1,1,p1_anchor_local_only_a100p0_slider_6dB_s4.json,p1_anchor_local_only_a100p0_slider_6dB_s4,local_only,Local only,100.0,a100,slider,6dB,4,0.8899961274238711,60,master/logs/p1_norm_g1.log,277
n3,norm_g5,5,p1_anchor_local_only_a100p0_slider_6dB_s5.json,p1_anchor_local_only_a100p0_slider_6dB_s5,local_only,Local only,100.0,a100,slider,6dB,5,0.9020846617193256,60,n3/logs/p1_norm_g5.log,236
master,norm_g6,6,p1_anchor_local_only_a100p0_slider_6dB_s6.json,p1_anchor_local_only_a100p0_slider_6dB_s6,local_only,Local only,100.0,a100,slider,6dB,6,0.8815586917928933,60,master/logs/p1_norm_g6.log,279
n3,norm_g2,2,p1_anchor_local_only_a100p0_slider_6dB_s7.json,p1_anchor_local_only_a100p0_slider_6dB_s7,local_only,Local only,100.0,a100,slider,6dB,7,0.8920332120602957,60,n3/logs/p1_norm_g2.log,236
master,norm_g4,4,p1_anchor_local_only_a100p0_slider_6dB_s8.json,p1_anchor_local_only_a100p0_slider_6dB_s8,local_only,Local only,100.0,a100,slider,6dB,8,0.8911910327441888,60,master/logs/p1_norm_g4.log,277
n3,norm_g6,6,p1_anchor_local_only_a100p0_slider_6dB_s9.json,p1_anchor_local_only_a100p0_slider_6dB_s9,local_only,Local only,100.0,a100,slider,6dB,9,0.8875694312410459,60,n3/logs/p1_norm_g6.log,236
master,norm_g5,5,p1_anchor_local_only_a100p0_valve_-6dB_s0.json,p1_anchor_local_only_a100p0_valve_-6dB_s0,local_only,Local only,100.0,a100,valve,-6dB,0,0.46105507862565814,60,master/logs/p1_norm_g5.log,277
n3,norm_g0,0,p1_anchor_local_only_a100p0_valve_-6dB_s1.json,p1_anchor_local_only_a100p0_valve_-6dB_s1,local_only,Local only,100.0,a100,valve,-6dB,1,0.46915776695552697,60,n3/logs/p1_norm_g0.log,234
master,norm_g2,2,p1_anchor_local_only_a100p0_valve_-6dB_s2.json,p1_anchor_local_only_a100p0_valve_-6dB_s2,local_only,Local only,100.0,a100,valve,-6dB,2,0.48783605444470074,60,master/logs/p1_norm_g2.log,279
n3,norm_g1,1,p1_anchor_local_only_a100p0_valve_-6dB_s3.json,p1_anchor_local_only_a100p0_valve_-6dB_s3,local_only,Local only,100.0,a100,valve,-6dB,3,0.46969789351298025,60,n3/logs/p1_norm_g1.log,236
master,norm_g3,3,p1_anchor_local_only_a100p0_valve_-6dB_s4.json,p1_anchor_local_only_a100p0_valve_-6dB_s4,local_only,Local only,100.0,a100,valve,-6dB,4,0.47051038918037646,60,master/logs/p1_norm_g3.log,277
n3,norm_g7,7,p1_anchor_local_only_a100p0_valve_-6dB_s5.json,p1_anchor_local_only_a100p0_valve_-6dB_s5,local_only,Local only,100.0,a100,valve,-6dB,5,0.47174077783207835,60,n3/logs/p1_norm_g7.log,236
master,norm_g0,0,p1_anchor_local_only_a100p0_valve_-6dB_s6.json,p1_anchor_local_only_a100p0_valve_-6dB_s6,local_only,Local only,100.0,a100,valve,-6dB,6,0.47959066397468675,60,master/logs/p1_norm_g0.log,279
n3,norm_g3,3,p1_anchor_local_only_a100p0_valve_-6dB_s7.json,p1_anchor_local_only_a100p0_valve_-6dB_s7,local_only,Local only,100.0,a100,valve,-6dB,7,0.47710373150263896,60,n3/logs/p1_norm_g3.log,238
master,norm_g7,7,p1_anchor_local_only_a100p0_valve_-6dB_s8.json,p1_anchor_local_only_a100p0_valve_-6dB_s8,local_only,Local only,100.0,a100,valve,-6dB,8,0.4454192451766774,60,master/logs/p1_norm_g7.log,234
n3,norm_g4,4,p1_anchor_local_only_a100p0_valve_-6dB_s9.json,p1_anchor_local_only_a100p0_valve_-6dB_s9,local_only,Local only,100.0,a100,valve,-6dB,9,0.471504984899617,60,n3/logs/p1_norm_g4.log,238
master,norm_g1,1,p1_anchor_local_only_a100p0_valve_0dB_s0.json,p1_anchor_local_only_a100p0_valve_0dB_s0,local_only,Local only,100.0,a100,valve,0dB,0,0.5177572733896896,60,master/logs/p1_norm_g1.log,279
n3,norm_g5,5,p1_anchor_local_only_a100p0_valve_0dB_s1.json,p1_anchor_local_only_a100p0_valve_0dB_s1,local_only,Local only,100.0,a100,valve,0dB,1,0.49748307376505735,60,n3/logs/p1_norm_g5.log,238
master,norm_g6,6,p1_anchor_local_only_a100p0_valve_0dB_s2.json,p1_anchor_local_only_a100p0_valve_0dB_s2,local_only,Local only,100.0,a100,valve,0dB,2,0.5381242444646356,60,master/logs/p1_norm_g6.log,281
n3,norm_g6,6,p1_anchor_local_only_a100p0_valve_0dB_s3.json,p1_anchor_local_only_a100p0_valve_0dB_s3,local_only,Local only,100.0,a100,valve,0dB,3,0.5373654790355488,60,n3/logs/p1_norm_g6.log,238
master,norm_g4,4,p1_anchor_local_only_a100p0_valve_0dB_s4.json,p1_anchor_local_only_a100p0_valve_0dB_s4,local_only,Local only,100.0,a100,valve,0dB,4,0.5092751605286583,60,master/logs/p1_norm_g4.log,279
n3,norm_g2,2,p1_anchor_local_only_a100p0_valve_0dB_s5.json,p1_anchor_local_only_a100p0_valve_0dB_s5,local_only,Local only,100.0,a100,valve,0dB,5,0.5090793030376732,60,n3/logs/p1_norm_g2.log,238
master,norm_g5,5,p1_anchor_local_only_a100p0_valve_0dB_s6.json,p1_anchor_local_only_a100p0_valve_0dB_s6,local_only,Local only,100.0,a100,valve,0dB,6,0.5469200987844185,60,master/logs/p1_norm_g5.log,279
n3,norm_g0,0,p1_anchor_local_only_a100p0_valve_0dB_s7.json,p1_anchor_local_only_a100p0_valve_0dB_s7,local_only,Local only,100.0,a100,valve,0dB,7,0.5239183036531189,60,n3/logs/p1_norm_g0.log,236
master,norm_g2,2,p1_anchor_local_only_a100p0_valve_0dB_s8.json,p1_anchor_local_only_a100p0_valve_0dB_s8,local_only,Local only,100.0,a100,valve,0dB,8,0.5145488552756683,60,master/logs/p1_norm_g2.log,281
n3,norm_g1,1,p1_anchor_local_only_a100p0_valve_0dB_s9.json,p1_anchor_local_only_a100p0_valve_0dB_s9,local_only,Local only,100.0,a100,valve,0dB,9,0.5297047428753661,60,n3/logs/p1_norm_g1.log,238
master,norm_g3,3,p1_anchor_local_only_a100p0_valve_6dB_s0.json,p1_anchor_local_only_a100p0_valve_6dB_s0,local_only,Local only,100.0,a100,valve,6dB,0,0.579343027052502,60,master/logs/p1_norm_g3.log,279
n3,norm_g7,7,p1_anchor_local_only_a100p0_valve_6dB_s1.json,p1_anchor_local_only_a100p0_valve_6dB_s1,local_only,Local only,100.0,a100,valve,6dB,1,0.5549055892615586,60,n3/logs/p1_norm_g7.log,238
master,norm_g0,0,p1_anchor_local_only_a100p0_valve_6dB_s2.json,p1_anchor_local_only_a100p0_valve_6dB_s2,local_only,Local only,100.0,a100,valve,6dB,2,0.572926358988642,60,master/logs/p1_norm_g0.log,281
n3,norm_g3,3,p1_anchor_local_only_a100p0_valve_6dB_s3.json,p1_anchor_local_only_a100p0_valve_6dB_s3,local_only,Local only,100.0,a100,valve,6dB,3,0.5836680876839069,60,n3/logs/p1_norm_g3.log,240
master,norm_g7,7,p1_anchor_local_only_a100p0_valve_6dB_s4.json,p1_anchor_local_only_a100p0_valve_6dB_s4,local_only,Local only,100.0,a100,valve,6dB,4,0.5634439973582783,60,master/logs/p1_norm_g7.log,236
n3,norm_g4,4,p1_anchor_local_only_a100p0_valve_6dB_s5.json,p1_anchor_local_only_a100p0_valve_6dB_s5,local_only,Local only,100.0,a100,valve,6dB,5,0.5664639245380758,60,n3/logs/p1_norm_g4.log,240
master,norm_g1,1,p1_anchor_local_only_a100p0_valve_6dB_s6.json,p1_anchor_local_only_a100p0_valve_6dB_s6,local_only,Local only,100.0,a100,valve,6dB,6,0.5399803710224728,60,master/logs/p1_norm_g1.log,281
n3,norm_g6,6,p1_anchor_local_only_a100p0_valve_6dB_s7.json,p1_anchor_local_only_a100p0_valve_6dB_s7,local_only,Local only,100.0,a100,valve,6dB,7,0.5702499498950998,60,n3/logs/p1_norm_g6.log,240
master,norm_g6,6,p1_anchor_local_only_a100p0_valve_6dB_s8.json,p1_anchor_local_only_a100p0_valve_6dB_s8,local_only,Local only,100.0,a100,valve,6dB,8,0.5619808349071118,60,master/logs/p1_norm_g6.log,283
n3,norm_g5,5,p1_anchor_local_only_a100p0_valve_6dB_s9.json,p1_anchor_local_only_a100p0_valve_6dB_s9,local_only,Local only,100.0,a100,valve,6dB,9,0.5562051033252433,60,n3/logs/p1_norm_g5.log,240
