experiment,config_file,name,algorithm,algorithm_label,alpha,machine_type,db_level,seed,fedprox_mu,model_family,bottleneck,auroc,host,worker,gpu,log_file,log_line
E3,p1_fedprox_scoped_mu0p001_a0p05_slider_-6dB_s0.json,p1_fedprox_scoped_mu0p001_a0p05_slider_-6dB_s0,fedprox,FedProx,0.05,slider,-6dB,0,0.001,ConvAutoencoder,1024,0.8158857136483254,n3,norm_g1,1,n3/logs/p1_norm_g1.log,241
E3,p1_fedprox_scoped_mu0p001_a0p05_slider_-6dB_s1.json,p1_fedprox_scoped_mu0p001_a0p05_slider_-6dB_s1,fedprox,FedProx,0.05,slider,-6dB,1,0.001,ConvAutoencoder,1024,0.7566820430562691,n3,norm_g5,5,n3/logs/p1_norm_g5.log,243
E3,p1_fedprox_scoped_mu0p001_a0p05_slider_-6dB_s2.json,p1_fedprox_scoped_mu0p001_a0p05_slider_-6dB_s2,fedprox,FedProx,0.05,slider,-6dB,2,0.001,ConvAutoencoder,1024,0.8139432018372371,n3,norm_g2,2,n3/logs/p1_norm_g2.log,241
E3,p1_fedprox_scoped_mu0p001_a0p05_slider_-6dB_s3.json,p1_fedprox_scoped_mu0p001_a0p05_slider_-6dB_s3,fedprox,FedProx,0.05,slider,-6dB,3,0.001,ConvAutoencoder,1024,0.7849651488166415,n3,norm_g4,4,n3/logs/p1_norm_g4.log,243
E3,p1_fedprox_scoped_mu0p001_a0p05_slider_-6dB_s4.json,p1_fedprox_scoped_mu0p001_a0p05_slider_-6dB_s4,fedprox,FedProx,0.05,slider,-6dB,4,0.001,ConvAutoencoder,1024,0.8715283015784688,n3,norm_g6,6,n3/logs/p1_norm_g6.log,243
E3,p1_fedprox_scoped_mu0p001_a0p05_slider_-6dB_s5.json,p1_fedprox_scoped_mu0p001_a0p05_slider_-6dB_s5,fedprox,FedProx,0.05,slider,-6dB,5,0.001,ConvAutoencoder,1024,0.6946470192793094,n3,norm_g7,7,n3/logs/p1_norm_g7.log,241
E3,p1_fedprox_scoped_mu0p001_a0p05_slider_-6dB_s6.json,p1_fedprox_scoped_mu0p001_a0p05_slider_-6dB_s6,fedprox,FedProx,0.05,slider,-6dB,6,0.001,ConvAutoencoder,1024,0.9678643034558271,n3,norm_g3,3,n3/logs/p1_norm_g3.log,243
E3,p1_fedprox_scoped_mu0p001_a0p05_slider_-6dB_s7.json,p1_fedprox_scoped_mu0p001_a0p05_slider_-6dB_s7,fedprox,FedProx,0.05,slider,-6dB,7,0.001,ConvAutoencoder,1024,0.8383575511736877,n3,norm_g0,0,n3/logs/p1_norm_g0.log,239
E3,p1_fedprox_scoped_mu0p001_a0p05_slider_-6dB_s8.json,p1_fedprox_scoped_mu0p001_a0p05_slider_-6dB_s8,fedprox,FedProx,0.05,slider,-6dB,8,0.001,ConvAutoencoder,1024,0.8693929886336049,n3,norm_g6,6,n3/logs/p1_norm_g6.log,245
E3,p1_fedprox_scoped_mu0p001_a0p05_slider_-6dB_s9.json,p1_fedprox_scoped_mu0p001_a0p05_slider_-6dB_s9,fedprox,FedProx,0.05,slider,-6dB,9,0.001,ConvAutoencoder,1024,0.8645907464334961,n3,norm_g3,3,n3/logs/p1_norm_g3.log,245
E3,p1_fedprox_scoped_mu0p001_a0p05_slider_6dB_s0.json,p1_fedprox_scoped_mu0p001_a0p05_slider_6dB_s0,fedprox,FedProx,0.05,slider,6dB,0,0.001,ConvAutoencoder,1024,0.8390650358510604,n3,norm_g0,0,n3/logs/p1_norm_g0.log,241
E3,p1_fedprox_scoped_mu0p001_a0p05_slider_6dB_s1.json,p1_fedprox_scoped_mu0p001_a0p05_slider_6dB_s1,fedprox,FedProx,0.05,slider,6dB,1,0.001,ConvAutoencoder,1024,0.9412183879188811,n3,norm_g1,1,n3/logs/p1_norm_g1.log,243
E3,p1_fedprox_scoped_mu0p001_a0p05_slider_6dB_s2.json,p1_fedprox_scoped_mu0p001_a0p05_slider_6dB_s2,fedprox,FedProx,0.05,slider,6dB,2,0.001,ConvAutoencoder,1024,0.9678926338683151,n3,norm_g2,2,n3/logs/p1_norm_g2.log,243
E3,p1_fedprox_scoped_mu0p001_a0p05_slider_6dB_s3.json,p1_fedprox_scoped_mu0p001_a0p05_slider_6dB_s3,fedprox,FedProx,0.05,slider,6dB,3,0.001,ConvAutoencoder,1024,0.9365949373138369,n3,norm_g7,7,n3/logs/p1_norm_g7.log,243
E3,p1_fedprox_scoped_mu0p001_a0p05_slider_6dB_s4.json,p1_fedprox_scoped_mu0p001_a0p05_slider_6dB_s4,fedprox,FedProx,0.05,slider,6dB,4,0.001,ConvAutoencoder,1024,0.9459217128463089,n3,norm_g5,5,n3/logs/p1_norm_g5.log,245
E3,p1_fedprox_scoped_mu0p001_a0p05_slider_6dB_s5.json,p1_fedprox_scoped_mu0p001_a0p05_slider_6dB_s5,fedprox,FedProx,0.05,slider,6dB,5,0.001,ConvAutoencoder,1024,0.8720653748696688,n3,norm_g4,4,n3/logs/p1_norm_g4.log,245
E3,p1_fedprox_scoped_mu0p001_a0p05_slider_6dB_s6.json,p1_fedprox_scoped_mu0p001_a0p05_slider_6dB_s6,fedprox,FedProx,0.05,slider,6dB,6,0.001,ConvAutoencoder,1024,0.9994955187519727,n3,norm_g0,0,n3/logs/p1_norm_g0.log,243
E3,p1_fedprox_scoped_mu0p001_a0p05_slider_6dB_s7.json,p1_fedprox_scoped_mu0p001_a0p05_slider_6dB_s7,fedprox,FedProx,0.05,slider,6dB,7,0.001,ConvAutoencoder,1024,0.9147333516026805,n3,norm_g6,6,n3/logs/p1_norm_g6.log,247
E3,p1_fedprox_scoped_mu0p001_a0p05_slider_6dB_s8.json,p1_fedprox_scoped_mu0p001_a0p05_slider_6dB_s8,fedprox,FedProx,0.05,slider,6dB,8,0.001,ConvAutoencoder,1024,0.914884878344608,n3,norm_g3,3,n3/logs/p1_norm_g3.log,247
E3,p1_fedprox_scoped_mu0p001_a0p05_slider_6dB_s9.json,p1_fedprox_scoped_mu0p001_a0p05_slider_6dB_s9,fedprox,FedProx,0.05,slider,6dB,9,0.001,ConvAutoencoder,1024,0.9206146595325986,n3,norm_g2,2,n3/logs/p1_norm_g2.log,245
E3,p1_fedprox_scoped_mu0p001_a0p05_valve_-6dB_s0.json,p1_fedprox_scoped_mu0p001_a0p05_valve_-6dB_s0,fedprox,FedProx,0.05,valve,-6dB,0,0.001,ConvAutoencoder,1024,0.3938680893592115,n3,norm_g5,5,n3/logs/p1_norm_g5.log,247
E3,p1_fedprox_scoped_mu0p001_a0p05_valve_-6dB_s1.json,p1_fedprox_scoped_mu0p001_a0p05_valve_-6dB_s1,fedprox,FedProx,0.05,valve,-6dB,1,0.001,ConvAutoencoder,1024,0.5599358410315841,n3,norm_g7,7,n3/logs/p1_norm_g7.log,245
E3,p1_fedprox_scoped_mu0p001_a0p05_valve_-6dB_s2.json,p1_fedprox_scoped_mu0p001_a0p05_valve_-6dB_s2,fedprox,FedProx,0.05,valve,-6dB,2,0.001,ConvAutoencoder,1024,0.4736739376885454,n3,norm_g1,1,n3/logs/p1_norm_g1.log,245
E3,p1_fedprox_scoped_mu0p001_a0p05_valve_-6dB_s3.json,p1_fedprox_scoped_mu0p001_a0p05_valve_-6dB_s3,fedprox,FedProx,0.05,valve,-6dB,3,0.001,ConvAutoencoder,1024,0.330836854580776,n3,norm_g4,4,n3/logs/p1_norm_g4.log,247
E3,p1_fedprox_scoped_mu0p001_a0p05_valve_-6dB_s4.json,p1_fedprox_scoped_mu0p001_a0p05_valve_-6dB_s4,fedprox,FedProx,0.05,valve,-6dB,4,0.001,ConvAutoencoder,1024,0.37357459266471416,n3,norm_g0,0,n3/logs/p1_norm_g0.log,245
E3,p1_fedprox_scoped_mu0p001_a0p05_valve_-6dB_s5.json,p1_fedprox_scoped_mu0p001_a0p05_valve_-6dB_s5,fedprox,FedProx,0.05,valve,-6dB,5,0.001,ConvAutoencoder,1024,0.44286132116445215,n3,norm_g6,6,n3/logs/p1_norm_g6.log,249
E3,p1_fedprox_scoped_mu0p001_a0p05_valve_-6dB_s6.json,p1_fedprox_scoped_mu0p001_a0p05_valve_-6dB_s6,fedprox,FedProx,0.05,valve,-6dB,6,0.001,ConvAutoencoder,1024,0.4156235846133289,n3,norm_g3,3,n3/logs/p1_norm_g3.log,249
E3,p1_fedprox_scoped_mu0p001_a0p05_valve_-6dB_s7.json,p1_fedprox_scoped_mu0p001_a0p05_valve_-6dB_s7,fedprox,FedProx,0.05,valve,-6dB,7,0.001,ConvAutoencoder,1024,0.4492786647112129,n3,norm_g2,2,n3/logs/p1_norm_g2.log,247
E3,p1_fedprox_scoped_mu0p001_a0p05_valve_-6dB_s8.json,p1_fedprox_scoped_mu0p001_a0p05_valve_-6dB_s8,fedprox,FedProx,0.05,valve,-6dB,8,0.001,ConvAutoencoder,1024,0.5492784679322309,n3,norm_g5,5,n3/logs/p1_norm_g5.log,249
E3,p1_fedprox_scoped_mu0p001_a0p05_valve_-6dB_s9.json,p1_fedprox_scoped_mu0p001_a0p05_valve_-6dB_s9,fedprox,FedProx,0.05,valve,-6dB,9,0.001,ConvAutoencoder,1024,0.507528092167413,n3,norm_g4,4,n3/logs/p1_norm_g4.log,249
E3,p1_fedprox_scoped_mu0p001_a0p05_valve_6dB_s0.json,p1_fedprox_scoped_mu0p001_a0p05_valve_6dB_s0,fedprox,FedProx,0.05,valve,6dB,0,0.001,ConvAutoencoder,1024,0.5899159283133896,n3,norm_g7,7,n3/logs/p1_norm_g7.log,247
E3,p1_fedprox_scoped_mu0p001_a0p05_valve_6dB_s1.json,p1_fedprox_scoped_mu0p001_a0p05_valve_6dB_s1,fedprox,FedProx,0.05,valve,6dB,1,0.001,ConvAutoencoder,1024,0.6502689444221932,n3,norm_g1,1,n3/logs/p1_norm_g1.log,247
E3,p1_fedprox_scoped_mu0p001_a0p05_valve_6dB_s2.json,p1_fedprox_scoped_mu0p001_a0p05_valve_6dB_s2,fedprox,FedProx,0.05,valve,6dB,2,0.001,ConvAutoencoder,1024,0.6176388798775482,n3,norm_g0,0,n3/logs/p1_norm_g0.log,247
E3,p1_fedprox_scoped_mu0p001_a0p05_valve_6dB_s3.json,p1_fedprox_scoped_mu0p001_a0p05_valve_6dB_s3,fedprox,FedProx,0.05,valve,6dB,3,0.001,ConvAutoencoder,1024,0.588882927253931,n3,norm_g6,6,n3/logs/p1_norm_g6.log,251
E3,p1_fedprox_scoped_mu0p001_a0p05_valve_6dB_s4.json,p1_fedprox_scoped_mu0p001_a0p05_valve_6dB_s4,fedprox,FedProx,0.05,valve,6dB,4,0.001,ConvAutoencoder,1024,0.5922805858527972,n3,norm_g3,3,n3/logs/p1_norm_g3.log,251
E3,p1_fedprox_scoped_mu0p001_a0p05_valve_6dB_s5.json,p1_fedprox_scoped_mu0p001_a0p05_valve_6dB_s5,fedprox,FedProx,0.05,valve,6dB,5,0.001,ConvAutoencoder,1024,0.5674894848222348,n3,norm_g2,2,n3/logs/p1_norm_g2.log,249
E3,p1_fedprox_scoped_mu0p001_a0p05_valve_6dB_s6.json,p1_fedprox_scoped_mu0p001_a0p05_valve_6dB_s6,fedprox,FedProx,0.05,valve,6dB,6,0.001,ConvAutoencoder,1024,0.7246969481160572,n3,norm_g5,5,n3/logs/p1_norm_g5.log,251
E3,p1_fedprox_scoped_mu0p001_a0p05_valve_6dB_s7.json,p1_fedprox_scoped_mu0p001_a0p05_valve_6dB_s7,fedprox,FedProx,0.05,valve,6dB,7,0.001,ConvAutoencoder,1024,0.5583516382624267,n3,norm_g4,4,n3/logs/p1_norm_g4.log,251
E3,p1_fedprox_scoped_mu0p001_a0p05_valve_6dB_s8.json,p1_fedprox_scoped_mu0p001_a0p05_valve_6dB_s8,fedprox,FedProx,0.05,valve,6dB,8,0.001,ConvAutoencoder,1024,0.6405468360034561,n3,norm_g7,7,n3/logs/p1_norm_g7.log,249
E3,p1_fedprox_scoped_mu0p001_a0p05_valve_6dB_s9.json,p1_fedprox_scoped_mu0p001_a0p05_valve_6dB_s9,fedprox,FedProx,0.05,valve,6dB,9,0.001,ConvAutoencoder,1024,0.6906124379747225,n3,norm_g1,1,n3/logs/p1_norm_g1.log,249
E3,p1_fedprox_scoped_mu0p001_a100p0_slider_-6dB_s0.json,p1_fedprox_scoped_mu0p001_a100p0_slider_-6dB_s0,fedprox,FedProx,100.0,slider,-6dB,0,0.001,ConvAutoencoder,1024,0.937025031734349,n3,norm_g6,6,n3/logs/p1_norm_g6.log,253
E3,p1_fedprox_scoped_mu0p001_a100p0_slider_-6dB_s1.json,p1_fedprox_scoped_mu0p001_a100p0_slider_-6dB_s1,fedprox,FedProx,100.0,slider,-6dB,1,0.001,ConvAutoencoder,1024,0.9450462354180964,n3,norm_g0,0,n3/logs/p1_norm_g0.log,249
E3,p1_fedprox_scoped_mu0p001_a100p0_slider_-6dB_s2.json,p1_fedprox_scoped_mu0p001_a100p0_slider_-6dB_s2,fedprox,FedProx,100.0,slider,-6dB,2,0.001,ConvAutoencoder,1024,0.9549136879015748,n3,norm_g3,3,n3/logs/p1_norm_g3.log,253
E3,p1_fedprox_scoped_mu0p001_a100p0_slider_-6dB_s3.json,p1_fedprox_scoped_mu0p001_a100p0_slider_-6dB_s3,fedprox,FedProx,100.0,slider,-6dB,3,0.001,ConvAutoencoder,1024,0.9266784232607701,n3,norm_g2,2,n3/logs/p1_norm_g2.log,251
E3,p1_fedprox_scoped_mu0p001_a100p0_slider_-6dB_s4.json,p1_fedprox_scoped_mu0p001_a100p0_slider_-6dB_s4,fedprox,FedProx,100.0,slider,-6dB,4,0.001,ConvAutoencoder,1024,0.941518146681311,n3,norm_g5,5,n3/logs/p1_norm_g5.log,253
E3,p1_fedprox_scoped_mu0p001_a100p0_slider_-6dB_s5.json,p1_fedprox_scoped_mu0p001_a100p0_slider_-6dB_s5,fedprox,FedProx,100.0,slider,-6dB,5,0.001,ConvAutoencoder,1024,0.9284043100921627,n3,norm_g7,7,n3/logs/p1_norm_g7.log,251
E3,p1_fedprox_scoped_mu0p001_a100p0_slider_-6dB_s6.json,p1_fedprox_scoped_mu0p001_a100p0_slider_-6dB_s6,fedprox,FedProx,100.0,slider,-6dB,6,0.001,ConvAutoencoder,1024,0.9550847782800336,n3,norm_g4,4,n3/logs/p1_norm_g4.log,253
E3,p1_fedprox_scoped_mu0p001_a100p0_slider_-6dB_s7.json,p1_fedprox_scoped_mu0p001_a100p0_slider_-6dB_s7,fedprox,FedProx,100.0,slider,-6dB,7,0.001,ConvAutoencoder,1024,0.9389871871717668,n3,norm_g1,1,n3/logs/p1_norm_g1.log,251
E3,p1_fedprox_scoped_mu0p001_a100p0_slider_-6dB_s8.json,p1_fedprox_scoped_mu0p001_a100p0_slider_-6dB_s8,fedprox,FedProx,100.0,slider,-6dB,8,0.001,ConvAutoencoder,1024,0.9460814677658667,n3,norm_g6,6,n3/logs/p1_norm_g6.log,255
E3,p1_fedprox_scoped_mu0p001_a100p0_slider_-6dB_s9.json,p1_fedprox_scoped_mu0p001_a100p0_slider_-6dB_s9,fedprox,FedProx,100.0,slider,-6dB,9,0.001,ConvAutoencoder,1024,0.9452860676114352,n3,norm_g0,0,n3/logs/p1_norm_g0.log,251
E3,p1_fedprox_scoped_mu0p001_a100p0_slider_6dB_s0.json,p1_fedprox_scoped_mu0p001_a100p0_slider_6dB_s0,fedprox,FedProx,100.0,slider,6dB,0,0.001,ConvAutoencoder,1024,0.9978235888993172,n3,norm_g3,3,n3/logs/p1_norm_g3.log,255
E3,p1_fedprox_scoped_mu0p001_a100p0_slider_6dB_s1.json,p1_fedprox_scoped_mu0p001_a100p0_slider_6dB_s1,fedprox,FedProx,100.0,slider,6dB,1,0.001,ConvAutoencoder,1024,0.9961239090868957,n3,norm_g5,5,n3/logs/p1_norm_g5.log,255
E3,p1_fedprox_scoped_mu0p001_a100p0_slider_6dB_s2.json,p1_fedprox_scoped_mu0p001_a100p0_slider_6dB_s2,fedprox,FedProx,100.0,slider,6dB,2,0.001,ConvAutoencoder,1024,0.9985353353297215,n3,norm_g2,2,n3/logs/p1_norm_g2.log,253
E3,p1_fedprox_scoped_mu0p001_a100p0_slider_6dB_s3.json,p1_fedprox_scoped_mu0p001_a100p0_slider_6dB_s3,fedprox,FedProx,100.0,slider,6dB,3,0.001,ConvAutoencoder,1024,0.9959856848976459,n3,norm_g7,7,n3/logs/p1_norm_g7.log,253
E3,p1_fedprox_scoped_mu0p001_a100p0_slider_6dB_s4.json,p1_fedprox_scoped_mu0p001_a100p0_slider_6dB_s4,fedprox,FedProx,100.0,slider,6dB,4,0.001,ConvAutoencoder,1024,0.9939003072251744,n3,norm_g4,4,n3/logs/p1_norm_g4.log,255
E3,p1_fedprox_scoped_mu0p001_a100p0_slider_6dB_s5.json,p1_fedprox_scoped_mu0p001_a100p0_slider_6dB_s5,fedprox,FedProx,100.0,slider,6dB,5,0.001,ConvAutoencoder,1024,0.9982083376250779,n3,norm_g1,1,n3/logs/p1_norm_g1.log,253
E3,p1_fedprox_scoped_mu0p001_a100p0_slider_6dB_s6.json,p1_fedprox_scoped_mu0p001_a100p0_slider_6dB_s6,fedprox,FedProx,100.0,slider,6dB,6,0.001,ConvAutoencoder,1024,0.9995633181881954,n3,norm_g6,6,n3/logs/p1_norm_g6.log,257
E3,p1_fedprox_scoped_mu0p001_a100p0_slider_6dB_s7.json,p1_fedprox_scoped_mu0p001_a100p0_slider_6dB_s7,fedprox,FedProx,100.0,slider,6dB,7,0.001,ConvAutoencoder,1024,0.9952903491705698,n3,norm_g0,0,n3/logs/p1_norm_g0.log,253
E3,p1_fedprox_scoped_mu0p001_a100p0_slider_6dB_s8.json,p1_fedprox_scoped_mu0p001_a100p0_slider_6dB_s8,fedprox,FedProx,100.0,slider,6dB,8,0.001,ConvAutoencoder,1024,0.9941899262655032,n3,norm_g3,3,n3/logs/p1_norm_g3.log,257
E3,p1_fedprox_scoped_mu0p001_a100p0_slider_6dB_s9.json,p1_fedprox_scoped_mu0p001_a100p0_slider_6dB_s9,fedprox,FedProx,100.0,slider,6dB,9,0.001,ConvAutoencoder,1024,0.995471437104516,n3,norm_g5,5,n3/logs/p1_norm_g5.log,257
E3,p1_fedprox_scoped_mu0p001_a100p0_valve_-6dB_s0.json,p1_fedprox_scoped_mu0p001_a100p0_valve_-6dB_s0,fedprox,FedProx,100.0,valve,-6dB,0,0.001,ConvAutoencoder,1024,0.508688388310801,n3,norm_g2,2,n3/logs/p1_norm_g2.log,255
E3,p1_fedprox_scoped_mu0p001_a100p0_valve_-6dB_s1.json,p1_fedprox_scoped_mu0p001_a100p0_valve_-6dB_s1,fedprox,FedProx,100.0,valve,-6dB,1,0.001,ConvAutoencoder,1024,0.5003338014265234,n3,norm_g7,7,n3/logs/p1_norm_g7.log,255
E3,p1_fedprox_scoped_mu0p001_a100p0_valve_-6dB_s2.json,p1_fedprox_scoped_mu0p001_a100p0_valve_-6dB_s2,fedprox,FedProx,100.0,valve,-6dB,2,0.001,ConvAutoencoder,1024,0.49404607591484034,n3,norm_g4,4,n3/logs/p1_norm_g4.log,257
E3,p1_fedprox_scoped_mu0p001_a100p0_valve_-6dB_s3.json,p1_fedprox_scoped_mu0p001_a100p0_valve_-6dB_s3,fedprox,FedProx,100.0,valve,-6dB,3,0.001,ConvAutoencoder,1024,0.49734644022321,n3,norm_g1,1,n3/logs/p1_norm_g1.log,255
E3,p1_fedprox_scoped_mu0p001_a100p0_valve_-6dB_s4.json,p1_fedprox_scoped_mu0p001_a100p0_valve_-6dB_s4,fedprox,FedProx,100.0,valve,-6dB,4,0.001,ConvAutoencoder,1024,0.4912560168472041,n3,norm_g6,6,n3/logs/p1_norm_g6.log,259
E3,p1_fedprox_scoped_mu0p001_a100p0_valve_-6dB_s5.json,p1_fedprox_scoped_mu0p001_a100p0_valve_-6dB_s5,fedprox,FedProx,100.0,valve,-6dB,5,0.001,ConvAutoencoder,1024,0.4857406671378346,n3,norm_g0,0,n3/logs/p1_norm_g0.log,255
E3,p1_fedprox_scoped_mu0p001_a100p0_valve_-6dB_s6.json,p1_fedprox_scoped_mu0p001_a100p0_valve_-6dB_s6,fedprox,FedProx,100.0,valve,-6dB,6,0.001,ConvAutoencoder,1024,0.5101524819526133,n3,norm_g3,3,n3/logs/p1_norm_g3.log,259
E3,p1_fedprox_scoped_mu0p001_a100p0_valve_-6dB_s7.json,p1_fedprox_scoped_mu0p001_a100p0_valve_-6dB_s7,fedprox,FedProx,100.0,valve,-6dB,7,0.001,ConvAutoencoder,1024,0.5035055818420724,n3,norm_g5,5,n3/logs/p1_norm_g5.log,259
E3,p1_fedprox_scoped_mu0p001_a100p0_valve_-6dB_s8.json,p1_fedprox_scoped_mu0p001_a100p0_valve_-6dB_s8,fedprox,FedProx,100.0,valve,-6dB,8,0.001,ConvAutoencoder,1024,0.45071276951179273,n3,norm_g7,7,n3/logs/p1_norm_g7.log,257
E3,p1_fedprox_scoped_mu0p001_a100p0_valve_-6dB_s9.json,p1_fedprox_scoped_mu0p001_a100p0_valve_-6dB_s9,fedprox,FedProx,100.0,valve,-6dB,9,0.001,ConvAutoencoder,1024,0.4976817883512779,n3,norm_g2,2,n3/logs/p1_norm_g2.log,257
E3,p1_fedprox_scoped_mu0p001_a100p0_valve_6dB_s0.json,p1_fedprox_scoped_mu0p001_a100p0_valve_6dB_s0,fedprox,FedProx,100.0,valve,6dB,0,0.001,ConvAutoencoder,1024,0.6699505025884542,n3,norm_g4,4,n3/logs/p1_norm_g4.log,259
E3,p1_fedprox_scoped_mu0p001_a100p0_valve_6dB_s1.json,p1_fedprox_scoped_mu0p001_a100p0_valve_6dB_s1,fedprox,FedProx,100.0,valve,6dB,1,0.001,ConvAutoencoder,1024,0.7002541098814382,n3,norm_g1,1,n3/logs/p1_norm_g1.log,257
E3,p1_fedprox_scoped_mu0p001_a100p0_valve_6dB_s2.json,p1_fedprox_scoped_mu0p001_a100p0_valve_6dB_s2,fedprox,FedProx,100.0,valve,6dB,2,0.001,ConvAutoencoder,1024,0.681615021281793,n3,norm_g0,0,n3/logs/p1_norm_g0.log,257
E3,p1_fedprox_scoped_mu0p001_a100p0_valve_6dB_s3.json,p1_fedprox_scoped_mu0p001_a100p0_valve_6dB_s3,fedprox,FedProx,100.0,valve,6dB,3,0.001,ConvAutoencoder,1024,0.6723060136364184,n3,norm_g6,6,n3/logs/p1_norm_g6.log,261
E3,p1_fedprox_scoped_mu0p001_a100p0_valve_6dB_s4.json,p1_fedprox_scoped_mu0p001_a100p0_valve_6dB_s4,fedprox,FedProx,100.0,valve,6dB,4,0.001,ConvAutoencoder,1024,0.6960171603852904,n3,norm_g3,3,n3/logs/p1_norm_g3.log,261
E3,p1_fedprox_scoped_mu0p001_a100p0_valve_6dB_s5.json,p1_fedprox_scoped_mu0p001_a100p0_valve_6dB_s5,fedprox,FedProx,100.0,valve,6dB,5,0.001,ConvAutoencoder,1024,0.6527222538825025,n3,norm_g5,5,n3/logs/p1_norm_g5.log,261
E3,p1_fedprox_scoped_mu0p001_a100p0_valve_6dB_s6.json,p1_fedprox_scoped_mu0p001_a100p0_valve_6dB_s6,fedprox,FedProx,100.0,valve,6dB,6,0.001,ConvAutoencoder,1024,0.6885418322429919,n3,norm_g7,7,n3/logs/p1_norm_g7.log,259
E3,p1_fedprox_scoped_mu0p001_a100p0_valve_6dB_s7.json,p1_fedprox_scoped_mu0p001_a100p0_valve_6dB_s7,fedprox,FedProx,100.0,valve,6dB,7,0.001,ConvAutoencoder,1024,0.6573258845826193,n3,norm_g2,2,n3/logs/p1_norm_g2.log,259
E3,p1_fedprox_scoped_mu0p001_a100p0_valve_6dB_s8.json,p1_fedprox_scoped_mu0p001_a100p0_valve_6dB_s8,fedprox,FedProx,100.0,valve,6dB,8,0.001,ConvAutoencoder,1024,0.6295564723454229,n3,norm_g4,4,n3/logs/p1_norm_g4.log,261
E3,p1_fedprox_scoped_mu0p001_a100p0_valve_6dB_s9.json,p1_fedprox_scoped_mu0p001_a100p0_valve_6dB_s9,fedprox,FedProx,100.0,valve,6dB,9,0.001,ConvAutoencoder,1024,0.7161687767413811,n3,norm_g1,1,n3/logs/p1_norm_g1.log,259
E3,p1_fedprox_scoped_mu0p01_a0p05_slider_-6dB_s0.json,p1_fedprox_scoped_mu0p01_a0p05_slider_-6dB_s0,fedprox,FedProx,0.05,slider,-6dB,0,0.01,ConvAutoencoder,1024,0.8170613422633407,n3,norm_g0,0,n3/logs/p1_norm_g0.log,259
E3,p1_fedprox_scoped_mu0p01_a0p05_slider_-6dB_s1.json,p1_fedprox_scoped_mu0p01_a0p05_slider_-6dB_s1,fedprox,FedProx,0.05,slider,-6dB,1,0.01,ConvAutoencoder,1024,0.7451541193736306,n3,norm_g6,6,n3/logs/p1_norm_g6.log,263
E3,p1_fedprox_scoped_mu0p01_a0p05_slider_-6dB_s2.json,p1_fedprox_scoped_mu0p01_a0p05_slider_-6dB_s2,fedprox,FedProx,0.05,slider,-6dB,2,0.01,ConvAutoencoder,1024,0.7782899483971014,n3,norm_g3,3,n3/logs/p1_norm_g3.log,263
E3,p1_fedprox_scoped_mu0p01_a0p05_slider_-6dB_s3.json,p1_fedprox_scoped_mu0p01_a0p05_slider_-6dB_s3,fedprox,FedProx,0.05,slider,-6dB,3,0.01,ConvAutoencoder,1024,0.7807871200346457,n3,norm_g5,5,n3/logs/p1_norm_g5.log,263
E3,p1_fedprox_scoped_mu0p01_a0p05_slider_-6dB_s4.json,p1_fedprox_scoped_mu0p01_a0p05_slider_-6dB_s4,fedprox,FedProx,0.05,slider,-6dB,4,0.01,ConvAutoencoder,1024,0.8562759462787518,n3,norm_g2,2,n3/logs/p1_norm_g2.log,261
E3,p1_fedprox_scoped_mu0p01_a0p05_slider_-6dB_s5.json,p1_fedprox_scoped_mu0p01_a0p05_slider_-6dB_s5,fedprox,FedProx,0.05,slider,-6dB,5,0.01,ConvAutoencoder,1024,0.6845014393086786,n3,norm_g7,7,n3/logs/p1_norm_g7.log,261
E3,p1_fedprox_scoped_mu0p01_a0p05_slider_-6dB_s6.json,p1_fedprox_scoped_mu0p01_a0p05_slider_-6dB_s6,fedprox,FedProx,0.05,slider,-6dB,6,0.01,ConvAutoencoder,1024,0.9633451303627342,n3,norm_g4,4,n3/logs/p1_norm_g4.log,263
E3,p1_fedprox_scoped_mu0p01_a0p05_slider_-6dB_s7.json,p1_fedprox_scoped_mu0p01_a0p05_slider_-6dB_s7,fedprox,FedProx,0.05,slider,-6dB,7,0.01,ConvAutoencoder,1024,0.8276552836058054,n3,norm_g1,1,n3/logs/p1_norm_g1.log,261
E3,p1_fedprox_scoped_mu0p01_a0p05_slider_-6dB_s8.json,p1_fedprox_scoped_mu0p01_a0p05_slider_-6dB_s8,fedprox,FedProx,0.05,slider,-6dB,8,0.01,ConvAutoencoder,1024,0.8656925512569998,n3,norm_g0,0,n3/logs/p1_norm_g0.log,261
E3,p1_fedprox_scoped_mu0p01_a0p05_slider_-6dB_s9.json,p1_fedprox_scoped_mu0p01_a0p05_slider_-6dB_s9,fedprox,FedProx,0.05,slider,-6dB,9,0.01,ConvAutoencoder,1024,0.8518284911168195,n3,norm_g3,3,n3/logs/p1_norm_g3.log,265
E3,p1_fedprox_scoped_mu0p01_a0p05_slider_6dB_s0.json,p1_fedprox_scoped_mu0p01_a0p05_slider_6dB_s0,fedprox,FedProx,0.05,slider,6dB,0,0.01,ConvAutoencoder,1024,0.817548146451177,n3,norm_g6,6,n3/logs/p1_norm_g6.log,265
E3,p1_fedprox_scoped_mu0p01_a0p05_slider_6dB_s1.json,p1_fedprox_scoped_mu0p01_a0p05_slider_6dB_s1,fedprox,FedProx,0.05,slider,6dB,1,0.01,ConvAutoencoder,1024,0.9036850724820228,n3,norm_g5,5,n3/logs/p1_norm_g5.log,265
E3,p1_fedprox_scoped_mu0p01_a0p05_slider_6dB_s2.json,p1_fedprox_scoped_mu0p01_a0p05_slider_6dB_s2,fedprox,FedProx,0.05,slider,6dB,2,0.01,ConvAutoencoder,1024,0.9488895893965172,n3,norm_g2,2,n3/logs/p1_norm_g2.log,263
E3,p1_fedprox_scoped_mu0p01_a0p05_slider_6dB_s3.json,p1_fedprox_scoped_mu0p01_a0p05_slider_6dB_s3,fedprox,FedProx,0.05,slider,6dB,3,0.01,ConvAutoencoder,1024,0.9199744787397441,n3,norm_g7,7,n3/logs/p1_norm_g7.log,263
E3,p1_fedprox_scoped_mu0p01_a0p05_slider_6dB_s4.json,p1_fedprox_scoped_mu0p01_a0p05_slider_6dB_s4,fedprox,FedProx,0.05,slider,6dB,4,0.01,ConvAutoencoder,1024,0.9502970002546621,n3,norm_g4,4,n3/logs/p1_norm_g4.log,265
E3,p1_fedprox_scoped_mu0p01_a0p05_slider_6dB_s5.json,p1_fedprox_scoped_mu0p01_a0p05_slider_6dB_s5,fedprox,FedProx,0.05,slider,6dB,5,0.01,ConvAutoencoder,1024,0.8462347596839028,n3,norm_g1,1,n3/logs/p1_norm_g1.log,263
E3,p1_fedprox_scoped_mu0p01_a0p05_slider_6dB_s6.json,p1_fedprox_scoped_mu0p01_a0p05_slider_6dB_s6,fedprox,FedProx,0.05,slider,6dB,6,0.01,ConvAutoencoder,1024,0.9997981259878962,n3,norm_g3,3,n3/logs/p1_norm_g3.log,267
E3,p1_fedprox_scoped_mu0p01_a0p05_slider_6dB_s7.json,p1_fedprox_scoped_mu0p01_a0p05_slider_6dB_s7,fedprox,FedProx,0.05,slider,6dB,7,0.01,ConvAutoencoder,1024,0.9157688467094007,n3,norm_g0,0,n3/logs/p1_norm_g0.log,263
E3,p1_fedprox_scoped_mu0p01_a0p05_slider_6dB_s8.json,p1_fedprox_scoped_mu0p01_a0p05_slider_6dB_s8,fedprox,FedProx,0.05,slider,6dB,8,0.01,ConvAutoencoder,1024,0.9210630812445858,n3,norm_g6,6,n3/logs/p1_norm_g6.log,267
E3,p1_fedprox_scoped_mu0p01_a0p05_slider_6dB_s9.json,p1_fedprox_scoped_mu0p01_a0p05_slider_6dB_s9,fedprox,FedProx,0.05,slider,6dB,9,0.01,ConvAutoencoder,1024,0.9139298849158667,n3,norm_g5,5,n3/logs/p1_norm_g5.log,267
E3,p1_fedprox_scoped_mu0p01_a0p05_valve_-6dB_s0.json,p1_fedprox_scoped_mu0p01_a0p05_valve_-6dB_s0,fedprox,FedProx,0.05,valve,-6dB,0,0.01,ConvAutoencoder,1024,0.35802550433897656,n3,norm_g2,2,n3/logs/p1_norm_g2.log,265
E3,p1_fedprox_scoped_mu0p01_a0p05_valve_-6dB_s1.json,p1_fedprox_scoped_mu0p01_a0p05_valve_-6dB_s1,fedprox,FedProx,0.05,valve,-6dB,1,0.01,ConvAutoencoder,1024,0.501148957261952,n3,norm_g7,7,n3/logs/p1_norm_g7.log,265
E3,p1_fedprox_scoped_mu0p01_a0p05_valve_-6dB_s2.json,p1_fedprox_scoped_mu0p01_a0p05_valve_-6dB_s2,fedprox,FedProx,0.05,valve,-6dB,2,0.01,ConvAutoencoder,1024,0.4130055624441934,n3,norm_g4,4,n3/logs/p1_norm_g4.log,267
E3,p1_fedprox_scoped_mu0p01_a0p05_valve_-6dB_s3.json,p1_fedprox_scoped_mu0p01_a0p05_valve_-6dB_s3,fedprox,FedProx,0.05,valve,-6dB,3,0.01,ConvAutoencoder,1024,0.303275817841023,n3,norm_g1,1,n3/logs/p1_norm_g1.log,265
E3,p1_fedprox_scoped_mu0p01_a0p05_valve_-6dB_s4.json,p1_fedprox_scoped_mu0p01_a0p05_valve_-6dB_s4,fedprox,FedProx,0.05,valve,-6dB,4,0.01,ConvAutoencoder,1024,0.34809504306130074,n3,norm_g3,3,n3/logs/p1_norm_g3.log,269
E3,p1_fedprox_scoped_mu0p01_a0p05_valve_-6dB_s5.json,p1_fedprox_scoped_mu0p01_a0p05_valve_-6dB_s5,fedprox,FedProx,0.05,valve,-6dB,5,0.01,ConvAutoencoder,1024,0.36082538301986866,n3,norm_g0,0,n3/logs/p1_norm_g0.log,265
E3,p1_fedprox_scoped_mu0p01_a0p05_valve_-6dB_s6.json,p1_fedprox_scoped_mu0p01_a0p05_valve_-6dB_s6,fedprox,FedProx,0.05,valve,-6dB,6,0.01,ConvAutoencoder,1024,0.38707423103020183,n3,norm_g6,6,n3/logs/p1_norm_g6.log,269
E3,p1_fedprox_scoped_mu0p01_a0p05_valve_-6dB_s7.json,p1_fedprox_scoped_mu0p01_a0p05_valve_-6dB_s7,fedprox,FedProx,0.05,valve,-6dB,7,0.01,ConvAutoencoder,1024,0.36185930989539017,n3,norm_g5,5,n3/logs/p1_norm_g5.log,269
E3,p1_fedprox_scoped_mu0p01_a0p05_valve_-6dB_s8.json,p1_fedprox_scoped_mu0p01_a0p05_valve_-6dB_s8,fedprox,FedProx,0.05,valve,-6dB,8,0.01,ConvAutoencoder,1024,0.4748397432157634,n3,norm_g7,7,n3/logs/p1_norm_g7.log,267
E3,p1_fedprox_scoped_mu0p01_a0p05_valve_-6dB_s9.json,p1_fedprox_scoped_mu0p01_a0p05_valve_-6dB_s9,fedprox,FedProx,0.05,valve,-6dB,9,0.01,ConvAutoencoder,1024,0.42226990696062555,n3,norm_g2,2,n3/logs/p1_norm_g2.log,267
E3,p1_fedprox_scoped_mu0p01_a0p05_valve_6dB_s0.json,p1_fedprox_scoped_mu0p01_a0p05_valve_6dB_s0,fedprox,FedProx,0.05,valve,6dB,0,0.01,ConvAutoencoder,1024,0.5569069928919097,n3,norm_g4,4,n3/logs/p1_norm_g4.log,269
E3,p1_fedprox_scoped_mu0p01_a0p05_valve_6dB_s1.json,p1_fedprox_scoped_mu0p01_a0p05_valve_6dB_s1,fedprox,FedProx,0.05,valve,6dB,1,0.01,ConvAutoencoder,1024,0.5979688720930637,n3,norm_g1,1,n3/logs/p1_norm_g1.log,267
E3,p1_fedprox_scoped_mu0p01_a0p05_valve_6dB_s2.json,p1_fedprox_scoped_mu0p01_a0p05_valve_6dB_s2,fedprox,FedProx,0.05,valve,6dB,2,0.01,ConvAutoencoder,1024,0.5311931480259415,n3,norm_g3,3,n3/logs/p1_norm_g3.log,271
E3,p1_fedprox_scoped_mu0p01_a0p05_valve_6dB_s3.json,p1_fedprox_scoped_mu0p01_a0p05_valve_6dB_s3,fedprox,FedProx,0.05,valve,6dB,3,0.01,ConvAutoencoder,1024,0.5525900793455134,n3,norm_g6,6,n3/logs/p1_norm_g6.log,271
E3,p1_fedprox_scoped_mu0p01_a0p05_valve_6dB_s4.json,p1_fedprox_scoped_mu0p01_a0p05_valve_6dB_s4,fedprox,FedProx,0.05,valve,6dB,4,0.01,ConvAutoencoder,1024,0.5127418781377725,n3,norm_g0,0,n3/logs/p1_norm_g0.log,267
E3,p1_fedprox_scoped_mu0p01_a0p05_valve_6dB_s5.json,p1_fedprox_scoped_mu0p01_a0p05_valve_6dB_s5,fedprox,FedProx,0.05,valve,6dB,5,0.01,ConvAutoencoder,1024,0.49401729263417987,n3,norm_g5,5,n3/logs/p1_norm_g5.log,271
E3,p1_fedprox_scoped_mu0p01_a0p05_valve_6dB_s6.json,p1_fedprox_scoped_mu0p01_a0p05_valve_6dB_s6,fedprox,FedProx,0.05,valve,6dB,6,0.01,ConvAutoencoder,1024,0.6418811927591984,n3,norm_g7,7,n3/logs/p1_norm_g7.log,269
E3,p1_fedprox_scoped_mu0p01_a0p05_valve_6dB_s7.json,p1_fedprox_scoped_mu0p01_a0p05_valve_6dB_s7,fedprox,FedProx,0.05,valve,6dB,7,0.01,ConvAutoencoder,1024,0.45836995337767056,n3,norm_g2,2,n3/logs/p1_norm_g2.log,269
E3,p1_fedprox_scoped_mu0p01_a0p05_valve_6dB_s8.json,p1_fedprox_scoped_mu0p01_a0p05_valve_6dB_s8,fedprox,FedProx,0.05,valve,6dB,8,0.01,ConvAutoencoder,1024,0.6203407189102297,n3,norm_g4,4,n3/logs/p1_norm_g4.log,271
E3,p1_fedprox_scoped_mu0p01_a0p05_valve_6dB_s9.json,p1_fedprox_scoped_mu0p01_a0p05_valve_6dB_s9,fedprox,FedProx,0.05,valve,6dB,9,0.01,ConvAutoencoder,1024,0.5840240621493429,n3,norm_g1,1,n3/logs/p1_norm_g1.log,269
E3,p1_fedprox_scoped_mu0p01_a100p0_slider_-6dB_s0.json,p1_fedprox_scoped_mu0p01_a100p0_slider_-6dB_s0,fedprox,FedProx,100.0,slider,-6dB,0,0.01,ConvAutoencoder,1024,0.9368976964845365,n3,norm_g6,6,n3/logs/p1_norm_g6.log,273
E3,p1_fedprox_scoped_mu0p01_a100p0_slider_-6dB_s1.json,p1_fedprox_scoped_mu0p01_a100p0_slider_-6dB_s1,fedprox,FedProx,100.0,slider,-6dB,1,0.01,ConvAutoencoder,1024,0.9055260322823505,n3,norm_g0,0,n3/logs/p1_norm_g0.log,269
E3,p1_fedprox_scoped_mu0p01_a100p0_slider_-6dB_s2.json,p1_fedprox_scoped_mu0p01_a100p0_slider_-6dB_s2,fedprox,FedProx,100.0,slider,-6dB,2,0.01,ConvAutoencoder,1024,0.947450408599287,n3,norm_g3,3,n3/logs/p1_norm_g3.log,273
E3,p1_fedprox_scoped_mu0p01_a100p0_slider_-6dB_s3.json,p1_fedprox_scoped_mu0p01_a100p0_slider_-6dB_s3,fedprox,FedProx,100.0,slider,-6dB,3,0.01,ConvAutoencoder,1024,0.9306886988169797,n3,norm_g5,5,n3/logs/p1_norm_g5.log,273
E3,p1_fedprox_scoped_mu0p01_a100p0_slider_-6dB_s4.json,p1_fedprox_scoped_mu0p01_a100p0_slider_-6dB_s4,fedprox,FedProx,100.0,slider,-6dB,4,0.01,ConvAutoencoder,1024,0.9264247817291473,n3,norm_g7,7,n3/logs/p1_norm_g7.log,271
E3,p1_fedprox_scoped_mu0p01_a100p0_slider_-6dB_s5.json,p1_fedprox_scoped_mu0p01_a100p0_slider_-6dB_s5,fedprox,FedProx,100.0,slider,-6dB,5,0.01,ConvAutoencoder,1024,0.9353786007345175,n3,norm_g2,2,n3/logs/p1_norm_g2.log,271
E3,p1_fedprox_scoped_mu0p01_a100p0_slider_-6dB_s6.json,p1_fedprox_scoped_mu0p01_a100p0_slider_-6dB_s6,fedprox,FedProx,100.0,slider,-6dB,6,0.01,ConvAutoencoder,1024,0.9450440732292315,n3,norm_g4,4,n3/logs/p1_norm_g4.log,273
E3,p1_fedprox_scoped_mu0p01_a100p0_slider_-6dB_s7.json,p1_fedprox_scoped_mu0p01_a100p0_slider_-6dB_s7,fedprox,FedProx,100.0,slider,-6dB,7,0.01,ConvAutoencoder,1024,0.9351731301544752,n3,norm_g1,1,n3/logs/p1_norm_g1.log,271
E3,p1_fedprox_scoped_mu0p01_a100p0_slider_-6dB_s8.json,p1_fedprox_scoped_mu0p01_a100p0_slider_-6dB_s8,fedprox,FedProx,100.0,slider,-6dB,8,0.01,ConvAutoencoder,1024,0.9431368193251805,n3,norm_g6,6,n3/logs/p1_norm_g6.log,275
E3,p1_fedprox_scoped_mu0p01_a100p0_slider_-6dB_s9.json,p1_fedprox_scoped_mu0p01_a100p0_slider_-6dB_s9,fedprox,FedProx,100.0,slider,-6dB,9,0.01,ConvAutoencoder,1024,0.9376314509010779,n3,norm_g0,0,n3/logs/p1_norm_g0.log,271
E3,p1_fedprox_scoped_mu0p01_a100p0_slider_6dB_s0.json,p1_fedprox_scoped_mu0p01_a100p0_slider_6dB_s0,fedprox,FedProx,100.0,slider,6dB,0,0.01,ConvAutoencoder,1024,0.9866561054412347,n3,norm_g3,3,n3/logs/p1_norm_g3.log,275
E3,p1_fedprox_scoped_mu0p01_a100p0_slider_6dB_s1.json,p1_fedprox_scoped_mu0p01_a100p0_slider_6dB_s1,fedprox,FedProx,100.0,slider,6dB,1,0.01,ConvAutoencoder,1024,0.9922432539517608,n3,norm_g5,5,n3/logs/p1_norm_g5.log,275
E3,p1_fedprox_scoped_mu0p01_a100p0_slider_6dB_s2.json,p1_fedprox_scoped_mu0p01_a100p0_slider_6dB_s2,fedprox,FedProx,100.0,slider,6dB,2,0.01,ConvAutoencoder,1024,0.9942385735536536,n3,norm_g7,7,n3/logs/p1_norm_g7.log,273
E3,p1_fedprox_scoped_mu0p01_a100p0_slider_6dB_s3.json,p1_fedprox_scoped_mu0p01_a100p0_slider_6dB_s3,fedprox,FedProx,100.0,slider,6dB,3,0.01,ConvAutoencoder,1024,0.9953147641898082,n3,norm_g2,2,n3/logs/p1_norm_g2.log,273
E3,p1_fedprox_scoped_mu0p01_a100p0_slider_6dB_s4.json,p1_fedprox_scoped_mu0p01_a100p0_slider_6dB_s4,fedprox,FedProx,100.0,slider,6dB,4,0.01,ConvAutoencoder,1024,0.9955395855868343,n3,norm_g4,4,n3/logs/p1_norm_g4.log,275
E3,p1_fedprox_scoped_mu0p01_a100p0_slider_6dB_s5.json,p1_fedprox_scoped_mu0p01_a100p0_slider_6dB_s5,fedprox,FedProx,100.0,slider,6dB,5,0.01,ConvAutoencoder,1024,0.9978968127324475,n3,norm_g1,1,n3/logs/p1_norm_g1.log,273
E3,p1_fedprox_scoped_mu0p01_a100p0_slider_6dB_s6.json,p1_fedprox_scoped_mu0p01_a100p0_slider_6dB_s6,fedprox,FedProx,100.0,slider,6dB,6,0.01,ConvAutoencoder,1024,0.9995516378725128,n3,norm_g6,6,n3/logs/p1_norm_g6.log,277
E3,p1_fedprox_scoped_mu0p01_a100p0_slider_6dB_s7.json,p1_fedprox_scoped_mu0p01_a100p0_slider_6dB_s7,fedprox,FedProx,100.0,slider,6dB,7,0.01,ConvAutoencoder,1024,0.9955429837996361,n3,norm_g0,0,n3/logs/p1_norm_g0.log,273
E3,p1_fedprox_scoped_mu0p01_a100p0_slider_6dB_s8.json,p1_fedprox_scoped_mu0p01_a100p0_slider_6dB_s8,fedprox,FedProx,100.0,slider,6dB,8,0.01,ConvAutoencoder,1024,0.995194143850112,n3,norm_g3,3,n3/logs/p1_norm_g3.log,277
E3,p1_fedprox_scoped_mu0p01_a100p0_slider_6dB_s9.json,p1_fedprox_scoped_mu0p01_a100p0_slider_6dB_s9,fedprox,FedProx,100.0,slider,6dB,9,0.01,ConvAutoencoder,1024,0.9967680733219051,n3,norm_g5,5,n3/logs/p1_norm_g5.log,277
E3,p1_fedprox_scoped_mu0p01_a100p0_valve_-6dB_s0.json,p1_fedprox_scoped_mu0p01_a100p0_valve_-6dB_s0,fedprox,FedProx,100.0,valve,-6dB,0,0.01,ConvAutoencoder,1024,0.4668763445544129,n3,norm_g7,7,n3/logs/p1_norm_g7.log,275
E3,p1_fedprox_scoped_mu0p01_a100p0_valve_-6dB_s1.json,p1_fedprox_scoped_mu0p01_a100p0_valve_-6dB_s1,fedprox,FedProx,100.0,valve,-6dB,1,0.01,ConvAutoencoder,1024,0.458233559548745,n3,norm_g2,2,n3/logs/p1_norm_g2.log,275
E3,p1_fedprox_scoped_mu0p01_a100p0_valve_-6dB_s2.json,p1_fedprox_scoped_mu0p01_a100p0_valve_-6dB_s2,fedprox,FedProx,100.0,valve,-6dB,2,0.01,ConvAutoencoder,1024,0.4543488383853183,n3,norm_g4,4,n3/logs/p1_norm_g4.log,277
E3,p1_fedprox_scoped_mu0p01_a100p0_valve_-6dB_s3.json,p1_fedprox_scoped_mu0p01_a100p0_valve_-6dB_s3,fedprox,FedProx,100.0,valve,-6dB,3,0.01,ConvAutoencoder,1024,0.4671337403950968,n3,norm_g1,1,n3/logs/p1_norm_g1.log,275
E3,p1_fedprox_scoped_mu0p01_a100p0_valve_-6dB_s4.json,p1_fedprox_scoped_mu0p01_a100p0_valve_-6dB_s4,fedprox,FedProx,100.0,valve,-6dB,4,0.01,ConvAutoencoder,1024,0.45884915073074606,n3,norm_g6,6,n3/logs/p1_norm_g6.log,279
E3,p1_fedprox_scoped_mu0p01_a100p0_valve_-6dB_s5.json,p1_fedprox_scoped_mu0p01_a100p0_valve_-6dB_s5,fedprox,FedProx,100.0,valve,-6dB,5,0.01,ConvAutoencoder,1024,0.4409525317691248,n3,norm_g0,0,n3/logs/p1_norm_g0.log,275
E3,p1_fedprox_scoped_mu0p01_a100p0_valve_-6dB_s6.json,p1_fedprox_scoped_mu0p01_a100p0_valve_-6dB_s6,fedprox,FedProx,100.0,valve,-6dB,6,0.01,ConvAutoencoder,1024,0.4764327802850691,n3,norm_g3,3,n3/logs/p1_norm_g3.log,279
E3,p1_fedprox_scoped_mu0p01_a100p0_valve_-6dB_s7.json,p1_fedprox_scoped_mu0p01_a100p0_valve_-6dB_s7,fedprox,FedProx,100.0,valve,-6dB,7,0.01,ConvAutoencoder,1024,0.46467720796560374,n3,norm_g5,5,n3/logs/p1_norm_g5.log,279
E3,p1_fedprox_scoped_mu0p01_a100p0_valve_-6dB_s8.json,p1_fedprox_scoped_mu0p01_a100p0_valve_-6dB_s8,fedprox,FedProx,100.0,valve,-6dB,8,0.01,ConvAutoencoder,1024,0.43352833188669215,n3,norm_g7,7,n3/logs/p1_norm_g7.log,277
E3,p1_fedprox_scoped_mu0p01_a100p0_valve_-6dB_s9.json,p1_fedprox_scoped_mu0p01_a100p0_valve_-6dB_s9,fedprox,FedProx,100.0,valve,-6dB,9,0.01,ConvAutoencoder,1024,0.4471432181122882,n3,norm_g2,2,n3/logs/p1_norm_g2.log,277
E3,p1_fedprox_scoped_mu0p01_a100p0_valve_6dB_s0.json,p1_fedprox_scoped_mu0p01_a100p0_valve_6dB_s0,fedprox,FedProx,100.0,valve,6dB,0,0.01,ConvAutoencoder,1024,0.5870890820404596,n3,norm_g4,4,n3/logs/p1_norm_g4.log,279
E3,p1_fedprox_scoped_mu0p01_a100p0_valve_6dB_s1.json,p1_fedprox_scoped_mu0p01_a100p0_valve_6dB_s1,fedprox,FedProx,100.0,valve,6dB,1,0.01,ConvAutoencoder,1024,0.5922772467858142,n3,norm_g1,1,n3/logs/p1_norm_g1.log,277
E3,p1_fedprox_scoped_mu0p01_a100p0_valve_6dB_s2.json,p1_fedprox_scoped_mu0p01_a100p0_valve_6dB_s2,fedprox,FedProx,100.0,valve,6dB,2,0.01,ConvAutoencoder,1024,0.6046283187702387,n3,norm_g6,6,n3/logs/p1_norm_g6.log,281
E3,p1_fedprox_scoped_mu0p01_a100p0_valve_6dB_s3.json,p1_fedprox_scoped_mu0p01_a100p0_valve_6dB_s3,fedprox,FedProx,100.0,valve,6dB,3,0.01,ConvAutoencoder,1024,0.598563730760297,n3,norm_g0,0,n3/logs/p1_norm_g0.log,277
E3,p1_fedprox_scoped_mu0p01_a100p0_valve_6dB_s4.json,p1_fedprox_scoped_mu0p01_a100p0_valve_6dB_s4,fedprox,FedProx,100.0,valve,6dB,4,0.01,ConvAutoencoder,1024,0.6003899297355184,n3,norm_g5,5,n3/logs/p1_norm_g5.log,281
E3,p1_fedprox_scoped_mu0p01_a100p0_valve_6dB_s5.json,p1_fedprox_scoped_mu0p01_a100p0_valve_6dB_s5,fedprox,FedProx,100.0,valve,6dB,5,0.01,ConvAutoencoder,1024,0.5894523333452943,n3,norm_g3,3,n3/logs/p1_norm_g3.log,281
E3,p1_fedprox_scoped_mu0p01_a100p0_valve_6dB_s6.json,p1_fedprox_scoped_mu0p01_a100p0_valve_6dB_s6,fedprox,FedProx,100.0,valve,6dB,6,0.01,ConvAutoencoder,1024,0.5959400203630075,n3,norm_g7,7,n3/logs/p1_norm_g7.log,279
E3,p1_fedprox_scoped_mu0p01_a100p0_valve_6dB_s7.json,p1_fedprox_scoped_mu0p01_a100p0_valve_6dB_s7,fedprox,FedProx,100.0,valve,6dB,7,0.01,ConvAutoencoder,1024,0.5895037357838729,n3,norm_g2,2,n3/logs/p1_norm_g2.log,279
E3,p1_fedprox_scoped_mu0p01_a100p0_valve_6dB_s8.json,p1_fedprox_scoped_mu0p01_a100p0_valve_6dB_s8,fedprox,FedProx,100.0,valve,6dB,8,0.01,ConvAutoencoder,1024,0.6066183557914393,n3,norm_g4,4,n3/logs/p1_norm_g4.log,281
E3,p1_fedprox_scoped_mu0p01_a100p0_valve_6dB_s9.json,p1_fedprox_scoped_mu0p01_a100p0_valve_6dB_s9,fedprox,FedProx,100.0,valve,6dB,9,0.01,ConvAutoencoder,1024,0.5976538155768172,n3,norm_g1,1,n3/logs/p1_norm_g1.log,279
E3,p1_fedprox_scoped_mu0p0_a0p05_slider_-6dB_s0.json,p1_fedprox_scoped_mu0p0_a0p05_slider_-6dB_s0,fedprox,FedProx,0.05,slider,-6dB,0,0.0,ConvAutoencoder,1024,0.7701662567656026,n3,norm_g6,6,n3/logs/p1_norm_g6.log,283
E3,p1_fedprox_scoped_mu0p0_a0p05_slider_-6dB_s1.json,p1_fedprox_scoped_mu0p0_a0p05_slider_-6dB_s1,fedprox,FedProx,0.05,slider,-6dB,1,0.0,ConvAutoencoder,1024,0.744285401060737,n3,norm_g0,0,n3/logs/p1_norm_g0.log,279
E3,p1_fedprox_scoped_mu0p0_a0p05_slider_-6dB_s2.json,p1_fedprox_scoped_mu0p0_a0p05_slider_-6dB_s2,fedprox,FedProx,0.05,slider,-6dB,2,0.0,ConvAutoencoder,1024,0.7882564496297384,n3,norm_g5,5,n3/logs/p1_norm_g5.log,283
E3,p1_fedprox_scoped_mu0p0_a0p05_slider_-6dB_s3.json,p1_fedprox_scoped_mu0p0_a0p05_slider_-6dB_s3,fedprox,FedProx,0.05,slider,-6dB,3,0.0,ConvAutoencoder,1024,0.761563630903885,n3,norm_g3,3,n3/logs/p1_norm_g3.log,283
E3,p1_fedprox_scoped_mu0p0_a0p05_slider_-6dB_s4.json,p1_fedprox_scoped_mu0p0_a0p05_slider_-6dB_s4,fedprox,FedProx,0.05,slider,-6dB,4,0.0,ConvAutoencoder,1024,0.8357888458937257,n3,norm_g7,7,n3/logs/p1_norm_g7.log,281
E3,p1_fedprox_scoped_mu0p0_a0p05_slider_-6dB_s5.json,p1_fedprox_scoped_mu0p0_a0p05_slider_-6dB_s5,fedprox,FedProx,0.05,slider,-6dB,5,0.0,ConvAutoencoder,1024,0.6929722780789523,n3,norm_g2,2,n3/logs/p1_norm_g2.log,281
E3,p1_fedprox_scoped_mu0p0_a0p05_slider_-6dB_s6.json,p1_fedprox_scoped_mu0p0_a0p05_slider_-6dB_s6,fedprox,FedProx,0.05,slider,-6dB,6,0.0,ConvAutoencoder,1024,0.9478438078089022,n3,norm_g4,4,n3/logs/p1_norm_g4.log,283
E3,p1_fedprox_scoped_mu0p0_a0p05_slider_-6dB_s7.json,p1_fedprox_scoped_mu0p0_a0p05_slider_-6dB_s7,fedprox,FedProx,0.05,slider,-6dB,7,0.0,ConvAutoencoder,1024,0.81252429439421,n3,norm_g1,1,n3/logs/p1_norm_g1.log,281
E3,p1_fedprox_scoped_mu0p0_a0p05_slider_-6dB_s8.json,p1_fedprox_scoped_mu0p0_a0p05_slider_-6dB_s8,fedprox,FedProx,0.05,slider,-6dB,8,0.0,ConvAutoencoder,1024,0.8477252366804454,n3,norm_g6,6,n3/logs/p1_norm_g6.log,285
E3,p1_fedprox_scoped_mu0p0_a0p05_slider_-6dB_s9.json,p1_fedprox_scoped_mu0p0_a0p05_slider_-6dB_s9,fedprox,FedProx,0.05,slider,-6dB,9,0.0,ConvAutoencoder,1024,0.8594904875378473,n3,norm_g0,0,n3/logs/p1_norm_g0.log,281
E3,p1_fedprox_scoped_mu0p0_a0p05_slider_6dB_s0.json,p1_fedprox_scoped_mu0p0_a0p05_slider_6dB_s0,fedprox,FedProx,0.05,slider,6dB,0,0.0,ConvAutoencoder,1024,0.7860201738352032,n3,norm_g5,5,n3/logs/p1_norm_g5.log,285
E3,p1_fedprox_scoped_mu0p0_a0p05_slider_6dB_s1.json,p1_fedprox_scoped_mu0p0_a0p05_slider_6dB_s1,fedprox,FedProx,0.05,slider,6dB,1,0.0,ConvAutoencoder,1024,0.910626349830926,n3,norm_g3,3,n3/logs/p1_norm_g3.log,285
E3,p1_fedprox_scoped_mu0p0_a0p05_slider_6dB_s2.json,p1_fedprox_scoped_mu0p0_a0p05_slider_6dB_s2,fedprox,FedProx,0.05,slider,6dB,2,0.0,ConvAutoencoder,1024,0.9151599236194029,n3,norm_g7,7,n3/logs/p1_norm_g7.log,283
E3,p1_fedprox_scoped_mu0p0_a0p05_slider_6dB_s3.json,p1_fedprox_scoped_mu0p0_a0p05_slider_6dB_s3,fedprox,FedProx,0.05,slider,6dB,3,0.0,ConvAutoencoder,1024,0.9055569843095097,n3,norm_g2,2,n3/logs/p1_norm_g2.log,283
E3,p1_fedprox_scoped_mu0p0_a0p05_slider_6dB_s4.json,p1_fedprox_scoped_mu0p0_a0p05_slider_6dB_s4,fedprox,FedProx,0.05,slider,6dB,4,0.0,ConvAutoencoder,1024,0.923952421783922,n3,norm_g4,4,n3/logs/p1_norm_g4.log,285
E3,p1_fedprox_scoped_mu0p0_a0p05_slider_6dB_s5.json,p1_fedprox_scoped_mu0p0_a0p05_slider_6dB_s5,fedprox,FedProx,0.05,slider,6dB,5,0.0,ConvAutoencoder,1024,0.8641809299460146,n3,norm_g1,1,n3/logs/p1_norm_g1.log,283
E3,p1_fedprox_scoped_mu0p0_a0p05_slider_6dB_s6.json,p1_fedprox_scoped_mu0p0_a0p05_slider_6dB_s6,fedprox,FedProx,0.05,slider,6dB,6,0.0,ConvAutoencoder,1024,0.9980561004214772,n3,norm_g6,6,n3/logs/p1_norm_g6.log,287
E3,p1_fedprox_scoped_mu0p0_a0p05_slider_6dB_s7.json,p1_fedprox_scoped_mu0p0_a0p05_slider_6dB_s7,fedprox,FedProx,0.05,slider,6dB,7,0.0,ConvAutoencoder,1024,0.8864219149580049,n3,norm_g0,0,n3/logs/p1_norm_g0.log,283
E3,p1_fedprox_scoped_mu0p0_a0p05_slider_6dB_s8.json,p1_fedprox_scoped_mu0p0_a0p05_slider_6dB_s8,fedprox,FedProx,0.05,slider,6dB,8,0.0,ConvAutoencoder,1024,0.853824627458101,n3,norm_g5,5,n3/logs/p1_norm_g5.log,287
E3,p1_fedprox_scoped_mu0p0_a0p05_slider_6dB_s9.json,p1_fedprox_scoped_mu0p0_a0p05_slider_6dB_s9,fedprox,FedProx,0.05,slider,6dB,9,0.0,ConvAutoencoder,1024,0.9098582960863919,n3,norm_g3,3,n3/logs/p1_norm_g3.log,287
E3,p1_fedprox_scoped_mu0p0_a0p05_valve_-6dB_s0.json,p1_fedprox_scoped_mu0p0_a0p05_valve_-6dB_s0,fedprox,FedProx,0.05,valve,-6dB,0,0.0,ConvAutoencoder,1024,0.38676824006828064,n3,norm_g7,7,n3/logs/p1_norm_g7.log,285
E3,p1_fedprox_scoped_mu0p0_a0p05_valve_-6dB_s1.json,p1_fedprox_scoped_mu0p0_a0p05_valve_-6dB_s1,fedprox,FedProx,0.05,valve,-6dB,1,0.0,ConvAutoencoder,1024,0.6022446710629501,n3,norm_g2,2,n3/logs/p1_norm_g2.log,285
E3,p1_fedprox_scoped_mu0p0_a0p05_valve_-6dB_s2.json,p1_fedprox_scoped_mu0p0_a0p05_valve_-6dB_s2,fedprox,FedProx,0.05,valve,-6dB,2,0.0,ConvAutoencoder,1024,0.48054099245656196,n3,norm_g4,4,n3/logs/p1_norm_g4.log,287
E3,p1_fedprox_scoped_mu0p0_a0p05_valve_-6dB_s3.json,p1_fedprox_scoped_mu0p0_a0p05_valve_-6dB_s3,fedprox,FedProx,0.05,valve,-6dB,3,0.0,ConvAutoencoder,1024,0.33899241710348627,n3,norm_g1,1,n3/logs/p1_norm_g1.log,285
E3,p1_fedprox_scoped_mu0p0_a0p05_valve_-6dB_s4.json,p1_fedprox_scoped_mu0p0_a0p05_valve_-6dB_s4,fedprox,FedProx,0.05,valve,-6dB,4,0.0,ConvAutoencoder,1024,0.3851015741841967,n3,norm_g6,6,n3/logs/p1_norm_g6.log,289
E3,p1_fedprox_scoped_mu0p0_a0p05_valve_-6dB_s5.json,p1_fedprox_scoped_mu0p0_a0p05_valve_-6dB_s5,fedprox,FedProx,0.05,valve,-6dB,5,0.0,ConvAutoencoder,1024,0.5031059966191797,n3,norm_g0,0,n3/logs/p1_norm_g0.log,285
E3,p1_fedprox_scoped_mu0p0_a0p05_valve_-6dB_s6.json,p1_fedprox_scoped_mu0p0_a0p05_valve_-6dB_s6,fedprox,FedProx,0.05,valve,-6dB,6,0.0,ConvAutoencoder,1024,0.4308054600758019,n3,norm_g5,5,n3/logs/p1_norm_g5.log,289
E3,p1_fedprox_scoped_mu0p0_a0p05_valve_-6dB_s7.json,p1_fedprox_scoped_mu0p0_a0p05_valve_-6dB_s7,fedprox,FedProx,0.05,valve,-6dB,7,0.0,ConvAutoencoder,1024,0.44860462075571245,n3,norm_g3,3,n3/logs/p1_norm_g3.log,289
E3,p1_fedprox_scoped_mu0p0_a0p05_valve_-6dB_s8.json,p1_fedprox_scoped_mu0p0_a0p05_valve_-6dB_s8,fedprox,FedProx,0.05,valve,-6dB,8,0.0,ConvAutoencoder,1024,0.5467093031624228,n3,norm_g7,7,n3/logs/p1_norm_g7.log,287
E3,p1_fedprox_scoped_mu0p0_a0p05_valve_-6dB_s9.json,p1_fedprox_scoped_mu0p0_a0p05_valve_-6dB_s9,fedprox,FedProx,0.05,valve,-6dB,9,0.0,ConvAutoencoder,1024,0.5443862439823891,n3,norm_g2,2,n3/logs/p1_norm_g2.log,287
E3,p1_fedprox_scoped_mu0p0_a0p05_valve_6dB_s0.json,p1_fedprox_scoped_mu0p0_a0p05_valve_6dB_s0,fedprox,FedProx,0.05,valve,6dB,0,0.0,ConvAutoencoder,1024,0.5816546481452064,n3,norm_g4,4,n3/logs/p1_norm_g4.log,289
E3,p1_fedprox_scoped_mu0p0_a0p05_valve_6dB_s1.json,p1_fedprox_scoped_mu0p0_a0p05_valve_6dB_s1,fedprox,FedProx,0.05,valve,6dB,1,0.0,ConvAutoencoder,1024,0.6731261357668755,n3,norm_g1,1,n3/logs/p1_norm_g1.log,287
E3,p1_fedprox_scoped_mu0p0_a0p05_valve_6dB_s2.json,p1_fedprox_scoped_mu0p0_a0p05_valve_6dB_s2,fedprox,FedProx,0.05,valve,6dB,2,0.0,ConvAutoencoder,1024,0.6286076002088895,n3,norm_g6,6,n3/logs/p1_norm_g6.log,291
E3,p1_fedprox_scoped_mu0p0_a0p05_valve_6dB_s3.json,p1_fedprox_scoped_mu0p0_a0p05_valve_6dB_s3,fedprox,FedProx,0.05,valve,6dB,3,0.0,ConvAutoencoder,1024,0.5950329450426968,n3,norm_g0,0,n3/logs/p1_norm_g0.log,287
E3,p1_fedprox_scoped_mu0p0_a0p05_valve_6dB_s4.json,p1_fedprox_scoped_mu0p0_a0p05_valve_6dB_s4,fedprox,FedProx,0.05,valve,6dB,4,0.0,ConvAutoencoder,1024,0.5763100921909161,n3,norm_g5,5,n3/logs/p1_norm_g5.log,291
E3,p1_fedprox_scoped_mu0p0_a0p05_valve_6dB_s5.json,p1_fedprox_scoped_mu0p0_a0p05_valve_6dB_s5,fedprox,FedProx,0.05,valve,6dB,5,0.0,ConvAutoencoder,1024,0.5853768890272764,n3,norm_g3,3,n3/logs/p1_norm_g3.log,291
E3,p1_fedprox_scoped_mu0p0_a0p05_valve_6dB_s6.json,p1_fedprox_scoped_mu0p0_a0p05_valve_6dB_s6,fedprox,FedProx,0.05,valve,6dB,6,0.0,ConvAutoencoder,1024,0.7490571438225021,n3,norm_g7,7,n3/logs/p1_norm_g7.log,289
E3,p1_fedprox_scoped_mu0p0_a0p05_valve_6dB_s7.json,p1_fedprox_scoped_mu0p0_a0p05_valve_6dB_s7,fedprox,FedProx,0.05,valve,6dB,7,0.0,ConvAutoencoder,1024,0.5134777163827263,n3,norm_g2,2,n3/logs/p1_norm_g2.log,289
E3,p1_fedprox_scoped_mu0p0_a0p05_valve_6dB_s8.json,p1_fedprox_scoped_mu0p0_a0p05_valve_6dB_s8,fedprox,FedProx,0.05,valve,6dB,8,0.0,ConvAutoencoder,1024,0.6030261017318563,n3,norm_g4,4,n3/logs/p1_norm_g4.log,291
E3,p1_fedprox_scoped_mu0p0_a0p05_valve_6dB_s9.json,p1_fedprox_scoped_mu0p0_a0p05_valve_6dB_s9,fedprox,FedProx,0.05,valve,6dB,9,0.0,ConvAutoencoder,1024,0.7112227923784973,n3,norm_g1,1,n3/logs/p1_norm_g1.log,289
E3,p1_fedprox_scoped_mu0p0_a100p0_slider_-6dB_s0.json,p1_fedprox_scoped_mu0p0_a100p0_slider_-6dB_s0,fedprox,FedProx,100.0,slider,-6dB,0,0.0,ConvAutoencoder,1024,0.9253787568382478,n3,norm_g6,6,n3/logs/p1_norm_g6.log,293
E3,p1_fedprox_scoped_mu0p0_a100p0_slider_-6dB_s1.json,p1_fedprox_scoped_mu0p0_a100p0_slider_-6dB_s1,fedprox,FedProx,100.0,slider,-6dB,1,0.0,ConvAutoencoder,1024,0.9433345145537502,n3,norm_g0,0,n3/logs/p1_norm_g0.log,289
E3,p1_fedprox_scoped_mu0p0_a100p0_slider_-6dB_s2.json,p1_fedprox_scoped_mu0p0_a100p0_slider_-6dB_s2,fedprox,FedProx,100.0,slider,-6dB,2,0.0,ConvAutoencoder,1024,0.9567404159773261,n3,norm_g5,5,n3/logs/p1_norm_g5.log,293
E3,p1_fedprox_scoped_mu0p0_a100p0_slider_-6dB_s3.json,p1_fedprox_scoped_mu0p0_a100p0_slider_-6dB_s3,fedprox,FedProx,100.0,slider,-6dB,3,0.0,ConvAutoencoder,1024,0.9372592051113269,n3,norm_g3,3,n3/logs/p1_norm_g3.log,293
E3,p1_fedprox_scoped_mu0p0_a100p0_slider_-6dB_s4.json,p1_fedprox_scoped_mu0p0_a100p0_slider_-6dB_s4,fedprox,FedProx,100.0,slider,-6dB,4,0.0,ConvAutoencoder,1024,0.9306928864231147,n3,norm_g7,7,n3/logs/p1_norm_g7.log,291
E3,p1_fedprox_scoped_mu0p0_a100p0_slider_-6dB_s5.json,p1_fedprox_scoped_mu0p0_a100p0_slider_-6dB_s5,fedprox,FedProx,100.0,slider,-6dB,5,0.0,ConvAutoencoder,1024,0.9316095711762535,n3,norm_g2,2,n3/logs/p1_norm_g2.log,291
E3,p1_fedprox_scoped_mu0p0_a100p0_slider_-6dB_s6.json,p1_fedprox_scoped_mu0p0_a100p0_slider_-6dB_s6,fedprox,FedProx,100.0,slider,-6dB,6,0.0,ConvAutoencoder,1024,0.9543026807780077,n3,norm_g4,4,n3/logs/p1_norm_g4.log,293
E3,p1_fedprox_scoped_mu0p0_a100p0_slider_-6dB_s7.json,p1_fedprox_scoped_mu0p0_a100p0_slider_-6dB_s7,fedprox,FedProx,100.0,slider,-6dB,7,0.0,ConvAutoencoder,1024,0.929392350508761,n3,norm_g1,1,n3/logs/p1_norm_g1.log,291
E3,p1_fedprox_scoped_mu0p0_a100p0_slider_-6dB_s8.json,p1_fedprox_scoped_mu0p0_a100p0_slider_-6dB_s8,fedprox,FedProx,100.0,slider,-6dB,8,0.0,ConvAutoencoder,1024,0.950976829868932,n3,norm_g6,6,n3/logs/p1_norm_g6.log,295
E3,p1_fedprox_scoped_mu0p0_a100p0_slider_-6dB_s9.json,p1_fedprox_scoped_mu0p0_a100p0_slider_-6dB_s9,fedprox,FedProx,100.0,slider,-6dB,9,0.0,ConvAutoencoder,1024,0.9431298778726361,n3,norm_g0,0,n3/logs/p1_norm_g0.log,291
E3,p1_fedprox_scoped_mu0p0_a100p0_slider_6dB_s0.json,p1_fedprox_scoped_mu0p0_a100p0_slider_6dB_s0,fedprox,FedProx,100.0,slider,6dB,0,0.0,ConvAutoencoder,1024,0.9963441077723691,n3,norm_g5,5,n3/logs/p1_norm_g5.log,295
E3,p1_fedprox_scoped_mu0p0_a100p0_slider_6dB_s1.json,p1_fedprox_scoped_mu0p0_a100p0_slider_6dB_s1,fedprox,FedProx,100.0,slider,6dB,1,0.0,ConvAutoencoder,1024,0.9959574762271878,n3,norm_g3,3,n3/logs/p1_norm_g3.log,295
E3,p1_fedprox_scoped_mu0p0_a100p0_slider_6dB_s2.json,p1_fedprox_scoped_mu0p0_a100p0_slider_6dB_s2,fedprox,FedProx,100.0,slider,6dB,2,0.0,ConvAutoencoder,1024,0.9985863955067147,n3,norm_g7,7,n3/logs/p1_norm_g7.log,293
E3,p1_fedprox_scoped_mu0p0_a100p0_slider_6dB_s3.json,p1_fedprox_scoped_mu0p0_a100p0_slider_6dB_s3,fedprox,FedProx,100.0,slider,6dB,3,0.0,ConvAutoencoder,1024,0.9999235735765458,n3,norm_g2,2,n3/logs/p1_norm_g2.log,293
E3,p1_fedprox_scoped_mu0p0_a100p0_slider_6dB_s4.json,p1_fedprox_scoped_mu0p0_a100p0_slider_6dB_s4,fedprox,FedProx,100.0,slider,6dB,4,0.0,ConvAutoencoder,1024,0.9913999064719929,n3,norm_g4,4,n3/logs/p1_norm_g4.log,295
E3,p1_fedprox_scoped_mu0p0_a100p0_slider_6dB_s5.json,p1_fedprox_scoped_mu0p0_a100p0_slider_6dB_s5,fedprox,FedProx,100.0,slider,6dB,5,0.0,ConvAutoencoder,1024,0.9987092803379474,n3,norm_g1,1,n3/logs/p1_norm_g1.log,293
E3,p1_fedprox_scoped_mu0p0_a100p0_slider_6dB_s6.json,p1_fedprox_scoped_mu0p0_a100p0_slider_6dB_s6,fedprox,FedProx,100.0,slider,6dB,6,0.0,ConvAutoencoder,1024,0.9991333786637133,n3,norm_g6,6,n3/logs/p1_norm_g6.log,297
E3,p1_fedprox_scoped_mu0p0_a100p0_slider_6dB_s7.json,p1_fedprox_scoped_mu0p0_a100p0_slider_6dB_s7,fedprox,FedProx,100.0,slider,6dB,7,0.0,ConvAutoencoder,1024,0.9853726705182284,n3,norm_g0,0,n3/logs/p1_norm_g0.log,293
E3,p1_fedprox_scoped_mu0p0_a100p0_slider_6dB_s8.json,p1_fedprox_scoped_mu0p0_a100p0_slider_6dB_s8,fedprox,FedProx,100.0,slider,6dB,8,0.0,ConvAutoencoder,1024,0.9764937401937293,n3,norm_g5,5,n3/logs/p1_norm_g5.log,297
E3,p1_fedprox_scoped_mu0p0_a100p0_slider_6dB_s9.json,p1_fedprox_scoped_mu0p0_a100p0_slider_6dB_s9,fedprox,FedProx,100.0,slider,6dB,9,0.0,ConvAutoencoder,1024,0.9955469832808843,n3,norm_g3,3,n3/logs/p1_norm_g3.log,297
E3,p1_fedprox_scoped_mu0p0_a100p0_valve_-6dB_s0.json,p1_fedprox_scoped_mu0p0_a100p0_valve_-6dB_s0,fedprox,FedProx,100.0,valve,-6dB,0,0.0,ConvAutoencoder,1024,0.49869578953000787,n3,norm_g7,7,n3/logs/p1_norm_g7.log,295
E3,p1_fedprox_scoped_mu0p0_a100p0_valve_-6dB_s1.json,p1_fedprox_scoped_mu0p0_a100p0_valve_-6dB_s1,fedprox,FedProx,100.0,valve,-6dB,1,0.0,ConvAutoencoder,1024,0.5049024066754407,n3,norm_g2,2,n3/logs/p1_norm_g2.log,295
E3,p1_fedprox_scoped_mu0p0_a100p0_valve_-6dB_s2.json,p1_fedprox_scoped_mu0p0_a100p0_valve_-6dB_s2,fedprox,FedProx,100.0,valve,-6dB,2,0.0,ConvAutoencoder,1024,0.5016221181866086,n3,norm_g4,4,n3/logs/p1_norm_g4.log,297
E3,p1_fedprox_scoped_mu0p0_a100p0_valve_-6dB_s3.json,p1_fedprox_scoped_mu0p0_a100p0_valve_-6dB_s3,fedprox,FedProx,100.0,valve,-6dB,3,0.0,ConvAutoencoder,1024,0.5077167324724905,n3,norm_g1,1,n3/logs/p1_norm_g1.log,295
E3,p1_fedprox_scoped_mu0p0_a100p0_valve_-6dB_s4.json,p1_fedprox_scoped_mu0p0_a100p0_valve_-6dB_s4,fedprox,FedProx,100.0,valve,-6dB,4,0.0,ConvAutoencoder,1024,0.47898080777288915,n3,norm_g6,6,n3/logs/p1_norm_g6.log,299
E3,p1_fedprox_scoped_mu0p0_a100p0_valve_-6dB_s5.json,p1_fedprox_scoped_mu0p0_a100p0_valve_-6dB_s5,fedprox,FedProx,100.0,valve,-6dB,5,0.0,ConvAutoencoder,1024,0.49806875815529345,n3,norm_g0,0,n3/logs/p1_norm_g0.log,295
E3,p1_fedprox_scoped_mu0p0_a100p0_valve_-6dB_s6.json,p1_fedprox_scoped_mu0p0_a100p0_valve_-6dB_s6,fedprox,FedProx,100.0,valve,-6dB,6,0.0,ConvAutoencoder,1024,0.5252315320033272,n3,norm_g3,3,n3/logs/p1_norm_g3.log,299
E3,p1_fedprox_scoped_mu0p0_a100p0_valve_-6dB_s7.json,p1_fedprox_scoped_mu0p0_a100p0_valve_-6dB_s7,fedprox,FedProx,100.0,valve,-6dB,7,0.0,ConvAutoencoder,1024,0.4942255765490131,n3,norm_g5,5,n3/logs/p1_norm_g5.log,299
E3,p1_fedprox_scoped_mu0p0_a100p0_valve_-6dB_s8.json,p1_fedprox_scoped_mu0p0_a100p0_valve_-6dB_s8,fedprox,FedProx,100.0,valve,-6dB,8,0.0,ConvAutoencoder,1024,0.4440585519307375,n3,norm_g7,7,n3/logs/p1_norm_g7.log,297
E3,p1_fedprox_scoped_mu0p0_a100p0_valve_-6dB_s9.json,p1_fedprox_scoped_mu0p0_a100p0_valve_-6dB_s9,fedprox,FedProx,100.0,valve,-6dB,9,0.0,ConvAutoencoder,1024,0.5126833900550929,n3,norm_g2,2,n3/logs/p1_norm_g2.log,297
E3,p1_fedprox_scoped_mu0p0_a100p0_valve_6dB_s0.json,p1_fedprox_scoped_mu0p0_a100p0_valve_6dB_s0,fedprox,FedProx,100.0,valve,6dB,0,0.0,ConvAutoencoder,1024,0.6596509360863969,n3,norm_g4,4,n3/logs/p1_norm_g4.log,299
E3,p1_fedprox_scoped_mu0p0_a100p0_valve_6dB_s1.json,p1_fedprox_scoped_mu0p0_a100p0_valve_6dB_s1,fedprox,FedProx,100.0,valve,6dB,1,0.0,ConvAutoencoder,1024,0.6941022743177884,n3,norm_g1,1,n3/logs/p1_norm_g1.log,297
E3,p1_fedprox_scoped_mu0p0_a100p0_valve_6dB_s2.json,p1_fedprox_scoped_mu0p0_a100p0_valve_6dB_s2,fedprox,FedProx,100.0,valve,6dB,2,0.0,ConvAutoencoder,1024,0.6895648412644709,n3,norm_g6,6,n3/logs/p1_norm_g6.log,301
E3,p1_fedprox_scoped_mu0p0_a100p0_valve_6dB_s3.json,p1_fedprox_scoped_mu0p0_a100p0_valve_6dB_s3,fedprox,FedProx,100.0,valve,6dB,3,0.0,ConvAutoencoder,1024,0.6991676589603397,n3,norm_g0,0,n3/logs/p1_norm_g0.log,297
E3,p1_fedprox_scoped_mu0p0_a100p0_valve_6dB_s4.json,p1_fedprox_scoped_mu0p0_a100p0_valve_6dB_s4,fedprox,FedProx,100.0,valve,6dB,4,0.0,ConvAutoencoder,1024,0.6626265639991564,n3,norm_g3,3,n3/logs/p1_norm_g3.log,301
E3,p1_fedprox_scoped_mu0p0_a100p0_valve_6dB_s5.json,p1_fedprox_scoped_mu0p0_a100p0_valve_6dB_s5,fedprox,FedProx,100.0,valve,6dB,5,0.0,ConvAutoencoder,1024,0.6672402308384814,n3,norm_g5,5,n3/logs/p1_norm_g5.log,301
E3,p1_fedprox_scoped_mu0p0_a100p0_valve_6dB_s6.json,p1_fedprox_scoped_mu0p0_a100p0_valve_6dB_s6,fedprox,FedProx,100.0,valve,6dB,6,0.0,ConvAutoencoder,1024,0.7330708010101079,n3,norm_g7,7,n3/logs/p1_norm_g7.log,299
E3,p1_fedprox_scoped_mu0p0_a100p0_valve_6dB_s7.json,p1_fedprox_scoped_mu0p0_a100p0_valve_6dB_s7,fedprox,FedProx,100.0,valve,6dB,7,0.0,ConvAutoencoder,1024,0.42025839559968736,n3,norm_g2,2,n3/logs/p1_norm_g2.log,299
E3,p1_fedprox_scoped_mu0p0_a100p0_valve_6dB_s8.json,p1_fedprox_scoped_mu0p0_a100p0_valve_6dB_s8,fedprox,FedProx,100.0,valve,6dB,8,0.0,ConvAutoencoder,1024,0.4313628307142471,n3,norm_g4,4,n3/logs/p1_norm_g4.log,301
E3,p1_fedprox_scoped_mu0p0_a100p0_valve_6dB_s9.json,p1_fedprox_scoped_mu0p0_a100p0_valve_6dB_s9,fedprox,FedProx,100.0,valve,6dB,9,0.0,ConvAutoencoder,1024,0.724206471795638,n3,norm_g1,1,n3/logs/p1_norm_g1.log,299
E3,p1_fedprox_scoped_mu0p1_a0p05_slider_-6dB_s0.json,p1_fedprox_scoped_mu0p1_a0p05_slider_-6dB_s0,fedprox,FedProx,0.05,slider,-6dB,0,0.1,ConvAutoencoder,1024,0.7483662583624269,n3,norm_g6,6,n3/logs/p1_norm_g6.log,303
E3,p1_fedprox_scoped_mu0p1_a0p05_slider_-6dB_s1.json,p1_fedprox_scoped_mu0p1_a0p05_slider_-6dB_s1,fedprox,FedProx,0.05,slider,-6dB,1,0.1,ConvAutoencoder,1024,0.7303874561317103,n3,norm_g0,0,n3/logs/p1_norm_g0.log,299
E3,p1_fedprox_scoped_mu0p1_a0p05_slider_-6dB_s2.json,p1_fedprox_scoped_mu0p1_a0p05_slider_-6dB_s2,fedprox,FedProx,0.05,slider,-6dB,2,0.1,ConvAutoencoder,1024,0.7804180645716428,n3,norm_g5,5,n3/logs/p1_norm_g5.log,303
E3,p1_fedprox_scoped_mu0p1_a0p05_slider_-6dB_s3.json,p1_fedprox_scoped_mu0p1_a0p05_slider_-6dB_s3,fedprox,FedProx,0.05,slider,-6dB,3,0.1,ConvAutoencoder,1024,0.7650592316826315,n3,norm_g3,3,n3/logs/p1_norm_g3.log,303
E3,p1_fedprox_scoped_mu0p1_a0p05_slider_-6dB_s4.json,p1_fedprox_scoped_mu0p1_a0p05_slider_-6dB_s4,fedprox,FedProx,0.05,slider,-6dB,4,0.1,ConvAutoencoder,1024,0.8075038924670676,n3,norm_g7,7,n3/logs/p1_norm_g7.log,301
E3,p1_fedprox_scoped_mu0p1_a0p05_slider_-6dB_s5.json,p1_fedprox_scoped_mu0p1_a0p05_slider_-6dB_s5,fedprox,FedProx,0.05,slider,-6dB,5,0.1,ConvAutoencoder,1024,0.6952043300969338,n3,norm_g2,2,n3/logs/p1_norm_g2.log,301
E3,p1_fedprox_scoped_mu0p1_a0p05_slider_-6dB_s6.json,p1_fedprox_scoped_mu0p1_a0p05_slider_-6dB_s6,fedprox,FedProx,0.05,slider,-6dB,6,0.1,ConvAutoencoder,1024,0.9313991047179536,n3,norm_g4,4,n3/logs/p1_norm_g4.log,303
E3,p1_fedprox_scoped_mu0p1_a0p05_slider_-6dB_s7.json,p1_fedprox_scoped_mu0p1_a0p05_slider_-6dB_s7,fedprox,FedProx,0.05,slider,-6dB,7,0.1,ConvAutoencoder,1024,0.7985080838135592,n3,norm_g1,1,n3/logs/p1_norm_g1.log,301
E3,p1_fedprox_scoped_mu0p1_a0p05_slider_-6dB_s8.json,p1_fedprox_scoped_mu0p1_a0p05_slider_-6dB_s8,fedprox,FedProx,0.05,slider,-6dB,8,0.1,ConvAutoencoder,1024,0.8308307252956548,n3,norm_g6,6,n3/logs/p1_norm_g6.log,305
E3,p1_fedprox_scoped_mu0p1_a0p05_slider_-6dB_s9.json,p1_fedprox_scoped_mu0p1_a0p05_slider_-6dB_s9,fedprox,FedProx,0.05,slider,-6dB,9,0.1,ConvAutoencoder,1024,0.8210781400548057,n3,norm_g0,0,n3/logs/p1_norm_g0.log,301
E3,p1_fedprox_scoped_mu0p1_a0p05_slider_6dB_s0.json,p1_fedprox_scoped_mu0p1_a0p05_slider_6dB_s0,fedprox,FedProx,0.05,slider,6dB,0,0.1,ConvAutoencoder,1024,0.7875015004545453,n3,norm_g5,5,n3/logs/p1_norm_g5.log,305
E3,p1_fedprox_scoped_mu0p1_a0p05_slider_6dB_s1.json,p1_fedprox_scoped_mu0p1_a0p05_slider_6dB_s1,fedprox,FedProx,0.05,slider,6dB,1,0.1,ConvAutoencoder,1024,0.8808044773482233,n3,norm_g3,3,n3/logs/p1_norm_g3.log,305
E3,p1_fedprox_scoped_mu0p1_a0p05_slider_6dB_s2.json,p1_fedprox_scoped_mu0p1_a0p05_slider_6dB_s2,fedprox,FedProx,0.05,slider,6dB,2,0.1,ConvAutoencoder,1024,0.9372436683506365,n3,norm_g7,7,n3/logs/p1_norm_g7.log,303
E3,p1_fedprox_scoped_mu0p1_a0p05_slider_6dB_s3.json,p1_fedprox_scoped_mu0p1_a0p05_slider_6dB_s3,fedprox,FedProx,0.05,slider,6dB,3,0.1,ConvAutoencoder,1024,0.8974755829269812,n3,norm_g2,2,n3/logs/p1_norm_g2.log,303
E3,p1_fedprox_scoped_mu0p1_a0p05_slider_6dB_s4.json,p1_fedprox_scoped_mu0p1_a0p05_slider_6dB_s4,fedprox,FedProx,0.05,slider,6dB,4,0.1,ConvAutoencoder,1024,0.9191222364519738,n3,norm_g4,4,n3/logs/p1_norm_g4.log,305
E3,p1_fedprox_scoped_mu0p1_a0p05_slider_6dB_s5.json,p1_fedprox_scoped_mu0p1_a0p05_slider_6dB_s5,fedprox,FedProx,0.05,slider,6dB,5,0.1,ConvAutoencoder,1024,0.8326097018471086,n3,norm_g1,1,n3/logs/p1_norm_g1.log,303
E3,p1_fedprox_scoped_mu0p1_a0p05_slider_6dB_s6.json,p1_fedprox_scoped_mu0p1_a0p05_slider_6dB_s6,fedprox,FedProx,0.05,slider,6dB,6,0.1,ConvAutoencoder,1024,0.9903479226322212,n3,norm_g6,6,n3/logs/p1_norm_g6.log,307
E3,p1_fedprox_scoped_mu0p1_a0p05_slider_6dB_s7.json,p1_fedprox_scoped_mu0p1_a0p05_slider_6dB_s7,fedprox,FedProx,0.05,slider,6dB,7,0.1,ConvAutoencoder,1024,0.9062679537957056,n3,norm_g0,0,n3/logs/p1_norm_g0.log,303
E3,p1_fedprox_scoped_mu0p1_a0p05_slider_6dB_s8.json,p1_fedprox_scoped_mu0p1_a0p05_slider_6dB_s8,fedprox,FedProx,0.05,slider,6dB,8,0.1,ConvAutoencoder,1024,0.8838355563961373,n3,norm_g5,5,n3/logs/p1_norm_g5.log,307
E3,p1_fedprox_scoped_mu0p1_a0p05_slider_6dB_s9.json,p1_fedprox_scoped_mu0p1_a0p05_slider_6dB_s9,fedprox,FedProx,0.05,slider,6dB,9,0.1,ConvAutoencoder,1024,0.8986579018552903,n3,norm_g3,3,n3/logs/p1_norm_g3.log,307
E3,p1_fedprox_scoped_mu0p1_a0p05_valve_-6dB_s0.json,p1_fedprox_scoped_mu0p1_a0p05_valve_-6dB_s0,fedprox,FedProx,0.05,valve,-6dB,0,0.1,ConvAutoencoder,1024,0.38856657805262707,n3,norm_g7,7,n3/logs/p1_norm_g7.log,305
E3,p1_fedprox_scoped_mu0p1_a0p05_valve_-6dB_s1.json,p1_fedprox_scoped_mu0p1_a0p05_valve_-6dB_s1,fedprox,FedProx,0.05,valve,-6dB,1,0.1,ConvAutoencoder,1024,0.5391430697654184,n3,norm_g2,2,n3/logs/p1_norm_g2.log,305
E3,p1_fedprox_scoped_mu0p1_a0p05_valve_-6dB_s2.json,p1_fedprox_scoped_mu0p1_a0p05_valve_-6dB_s2,fedprox,FedProx,0.05,valve,-6dB,2,0.1,ConvAutoencoder,1024,0.4138888493323131,n3,norm_g4,4,n3/logs/p1_norm_g4.log,307
E3,p1_fedprox_scoped_mu0p1_a0p05_valve_-6dB_s3.json,p1_fedprox_scoped_mu0p1_a0p05_valve_-6dB_s3,fedprox,FedProx,0.05,valve,-6dB,3,0.1,ConvAutoencoder,1024,0.330649614311574,n3,norm_g1,1,n3/logs/p1_norm_g1.log,305
E3,p1_fedprox_scoped_mu0p1_a0p05_valve_-6dB_s4.json,p1_fedprox_scoped_mu0p1_a0p05_valve_-6dB_s4,fedprox,FedProx,0.05,valve,-6dB,4,0.1,ConvAutoencoder,1024,0.33816542829455853,n3,norm_g6,6,n3/logs/p1_norm_g6.log,309
E3,p1_fedprox_scoped_mu0p1_a0p05_valve_-6dB_s5.json,p1_fedprox_scoped_mu0p1_a0p05_valve_-6dB_s5,fedprox,FedProx,0.05,valve,-6dB,5,0.1,ConvAutoencoder,1024,0.42138762791251905,n3,norm_g0,0,n3/logs/p1_norm_g0.log,305
E3,p1_fedprox_scoped_mu0p1_a0p05_valve_-6dB_s6.json,p1_fedprox_scoped_mu0p1_a0p05_valve_-6dB_s6,fedprox,FedProx,0.05,valve,-6dB,6,0.1,ConvAutoencoder,1024,0.390761923203559,n3,norm_g5,5,n3/logs/p1_norm_g5.log,309
E3,p1_fedprox_scoped_mu0p1_a0p05_valve_-6dB_s7.json,p1_fedprox_scoped_mu0p1_a0p05_valve_-6dB_s7,fedprox,FedProx,0.05,valve,-6dB,7,0.1,ConvAutoencoder,1024,0.3725176134379937,n3,norm_g3,3,n3/logs/p1_norm_g3.log,309
E3,p1_fedprox_scoped_mu0p1_a0p05_valve_-6dB_s8.json,p1_fedprox_scoped_mu0p1_a0p05_valve_-6dB_s8,fedprox,FedProx,0.05,valve,-6dB,8,0.1,ConvAutoencoder,1024,0.4233669683623987,n3,norm_g7,7,n3/logs/p1_norm_g7.log,307
E3,p1_fedprox_scoped_mu0p1_a0p05_valve_-6dB_s9.json,p1_fedprox_scoped_mu0p1_a0p05_valve_-6dB_s9,fedprox,FedProx,0.05,valve,-6dB,9,0.1,ConvAutoencoder,1024,0.42772043078318556,n3,norm_g2,2,n3/logs/p1_norm_g2.log,307
E3,p1_fedprox_scoped_mu0p1_a0p05_valve_6dB_s0.json,p1_fedprox_scoped_mu0p1_a0p05_valve_6dB_s0,fedprox,FedProx,0.05,valve,6dB,0,0.1,ConvAutoencoder,1024,0.5291012708421786,n3,norm_g4,4,n3/logs/p1_norm_g4.log,309
E3,p1_fedprox_scoped_mu0p1_a0p05_valve_6dB_s1.json,p1_fedprox_scoped_mu0p1_a0p05_valve_6dB_s1,fedprox,FedProx,0.05,valve,6dB,1,0.1,ConvAutoencoder,1024,0.528956891327187,n3,norm_g1,1,n3/logs/p1_norm_g1.log,307
E3,p1_fedprox_scoped_mu0p1_a0p05_valve_6dB_s2.json,p1_fedprox_scoped_mu0p1_a0p05_valve_6dB_s2,fedprox,FedProx,0.05,valve,6dB,2,0.1,ConvAutoencoder,1024,0.40975382358514045,n3,norm_g6,6,n3/logs/p1_norm_g6.log,311
E3,p1_fedprox_scoped_mu0p1_a0p05_valve_6dB_s3.json,p1_fedprox_scoped_mu0p1_a0p05_valve_6dB_s3,fedprox,FedProx,0.05,valve,6dB,3,0.1,ConvAutoencoder,1024,0.5135623727654899,n3,norm_g0,0,n3/logs/p1_norm_g0.log,307
E3,p1_fedprox_scoped_mu0p1_a0p05_valve_6dB_s4.json,p1_fedprox_scoped_mu0p1_a0p05_valve_6dB_s4,fedprox,FedProx,0.05,valve,6dB,4,0.1,ConvAutoencoder,1024,0.43326957053845244,n3,norm_g5,5,n3/logs/p1_norm_g5.log,311
E3,p1_fedprox_scoped_mu0p1_a0p05_valve_6dB_s5.json,p1_fedprox_scoped_mu0p1_a0p05_valve_6dB_s5,fedprox,FedProx,0.05,valve,6dB,5,0.1,ConvAutoencoder,1024,0.3877162324932874,n3,norm_g3,3,n3/logs/p1_norm_g3.log,311
E3,p1_fedprox_scoped_mu0p1_a0p05_valve_6dB_s6.json,p1_fedprox_scoped_mu0p1_a0p05_valve_6dB_s6,fedprox,FedProx,0.05,valve,6dB,6,0.1,ConvAutoencoder,1024,0.5086699072244223,n3,norm_g7,7,n3/logs/p1_norm_g7.log,309
E3,p1_fedprox_scoped_mu0p1_a0p05_valve_6dB_s7.json,p1_fedprox_scoped_mu0p1_a0p05_valve_6dB_s7,fedprox,FedProx,0.05,valve,6dB,7,0.1,ConvAutoencoder,1024,0.38157401883701697,n3,norm_g2,2,n3/logs/p1_norm_g2.log,309
E3,p1_fedprox_scoped_mu0p1_a0p05_valve_6dB_s8.json,p1_fedprox_scoped_mu0p1_a0p05_valve_6dB_s8,fedprox,FedProx,0.05,valve,6dB,8,0.1,ConvAutoencoder,1024,0.5470056876172137,n3,norm_g1,1,n3/logs/p1_norm_g1.log,309
E3,p1_fedprox_scoped_mu0p1_a0p05_valve_6dB_s9.json,p1_fedprox_scoped_mu0p1_a0p05_valve_6dB_s9,fedprox,FedProx,0.05,valve,6dB,9,0.1,ConvAutoencoder,1024,0.4354163320961874,n3,norm_g4,4,n3/logs/p1_norm_g4.log,311
E3,p1_fedprox_scoped_mu0p1_a100p0_slider_-6dB_s0.json,p1_fedprox_scoped_mu0p1_a100p0_slider_-6dB_s0,fedprox,FedProx,100.0,slider,-6dB,0,0.1,ConvAutoencoder,1024,0.8739806426209791,n3,norm_g6,6,n3/logs/p1_norm_g6.log,313
E3,p1_fedprox_scoped_mu0p1_a100p0_slider_-6dB_s1.json,p1_fedprox_scoped_mu0p1_a100p0_slider_-6dB_s1,fedprox,FedProx,100.0,slider,-6dB,1,0.1,ConvAutoencoder,1024,0.8681236240931918,n3,norm_g5,5,n3/logs/p1_norm_g5.log,313
E3,p1_fedprox_scoped_mu0p1_a100p0_slider_-6dB_s2.json,p1_fedprox_scoped_mu0p1_a100p0_slider_-6dB_s2,fedprox,FedProx,100.0,slider,-6dB,2,0.1,ConvAutoencoder,1024,0.9449858096686878,n3,norm_g0,0,n3/logs/p1_norm_g0.log,309
E3,p1_fedprox_scoped_mu0p1_a100p0_slider_-6dB_s3.json,p1_fedprox_scoped_mu0p1_a100p0_slider_-6dB_s3,fedprox,FedProx,100.0,slider,-6dB,3,0.1,ConvAutoencoder,1024,0.9043347804260939,n3,norm_g3,3,n3/logs/p1_norm_g3.log,313
E3,p1_fedprox_scoped_mu0p1_a100p0_slider_-6dB_s4.json,p1_fedprox_scoped_mu0p1_a100p0_slider_-6dB_s4,fedprox,FedProx,100.0,slider,-6dB,4,0.1,ConvAutoencoder,1024,0.8601003487485048,n3,norm_g7,7,n3/logs/p1_norm_g7.log,311
E3,p1_fedprox_scoped_mu0p1_a100p0_slider_-6dB_s5.json,p1_fedprox_scoped_mu0p1_a100p0_slider_-6dB_s5,fedprox,FedProx,100.0,slider,-6dB,5,0.1,ConvAutoencoder,1024,0.9068474365903633,n3,norm_g2,2,n3/logs/p1_norm_g2.log,311
E3,p1_fedprox_scoped_mu0p1_a100p0_slider_-6dB_s6.json,p1_fedprox_scoped_mu0p1_a100p0_slider_-6dB_s6,fedprox,FedProx,100.0,slider,-6dB,6,0.1,ConvAutoencoder,1024,0.9402943395947597,n3,norm_g1,1,n3/logs/p1_norm_g1.log,311
E3,p1_fedprox_scoped_mu0p1_a100p0_slider_-6dB_s7.json,p1_fedprox_scoped_mu0p1_a100p0_slider_-6dB_s7,fedprox,FedProx,100.0,slider,-6dB,7,0.1,ConvAutoencoder,1024,0.902276109217782,n3,norm_g4,4,n3/logs/p1_norm_g4.log,313
E3,p1_fedprox_scoped_mu0p1_a100p0_slider_-6dB_s8.json,p1_fedprox_scoped_mu0p1_a100p0_slider_-6dB_s8,fedprox,FedProx,100.0,slider,-6dB,8,0.1,ConvAutoencoder,1024,0.9234667775691271,n3,norm_g6,6,n3/logs/p1_norm_g6.log,315
E3,p1_fedprox_scoped_mu0p1_a100p0_slider_-6dB_s9.json,p1_fedprox_scoped_mu0p1_a100p0_slider_-6dB_s9,fedprox,FedProx,100.0,slider,-6dB,9,0.1,ConvAutoencoder,1024,0.8861923355995401,n3,norm_g5,5,n3/logs/p1_norm_g5.log,315
E3,p1_fedprox_scoped_mu0p1_a100p0_slider_6dB_s0.json,p1_fedprox_scoped_mu0p1_a100p0_slider_6dB_s0,fedprox,FedProx,100.0,slider,6dB,0,0.1,ConvAutoencoder,1024,0.8875248097129296,n3,norm_g0,0,n3/logs/p1_norm_g0.log,311
E3,p1_fedprox_scoped_mu0p1_a100p0_slider_6dB_s1.json,p1_fedprox_scoped_mu0p1_a100p0_slider_6dB_s1,fedprox,FedProx,100.0,slider,6dB,1,0.1,ConvAutoencoder,1024,0.9655918040722982,n3,norm_g3,3,n3/logs/p1_norm_g3.log,315
E3,p1_fedprox_scoped_mu0p1_a100p0_slider_6dB_s2.json,p1_fedprox_scoped_mu0p1_a100p0_slider_6dB_s2,fedprox,FedProx,100.0,slider,6dB,2,0.1,ConvAutoencoder,1024,0.9774837590246388,n3,norm_g7,7,n3/logs/p1_norm_g7.log,313
E3,p1_fedprox_scoped_mu0p1_a100p0_slider_6dB_s3.json,p1_fedprox_scoped_mu0p1_a100p0_slider_6dB_s3,fedprox,FedProx,100.0,slider,6dB,3,0.1,ConvAutoencoder,1024,0.9825744186806388,n3,norm_g2,2,n3/logs/p1_norm_g2.log,313
E3,p1_fedprox_scoped_mu0p1_a100p0_slider_6dB_s4.json,p1_fedprox_scoped_mu0p1_a100p0_slider_6dB_s4,fedprox,FedProx,100.0,slider,6dB,4,0.1,ConvAutoencoder,1024,0.9796497357759755,n3,norm_g4,4,n3/logs/p1_norm_g4.log,315
E3,p1_fedprox_scoped_mu0p1_a100p0_slider_6dB_s5.json,p1_fedprox_scoped_mu0p1_a100p0_slider_6dB_s5,fedprox,FedProx,100.0,slider,6dB,5,0.1,ConvAutoencoder,1024,0.8846266276626367,n3,norm_g1,1,n3/logs/p1_norm_g1.log,313
E3,p1_fedprox_scoped_mu0p1_a100p0_slider_6dB_s6.json,p1_fedprox_scoped_mu0p1_a100p0_slider_6dB_s6,fedprox,FedProx,100.0,slider,6dB,6,0.1,ConvAutoencoder,1024,0.9820264427911714,n3,norm_g6,6,n3/logs/p1_norm_g6.log,317
E3,p1_fedprox_scoped_mu0p1_a100p0_slider_6dB_s7.json,p1_fedprox_scoped_mu0p1_a100p0_slider_6dB_s7,fedprox,FedProx,100.0,slider,6dB,7,0.1,ConvAutoencoder,1024,0.9752457162895387,n3,norm_g5,5,n3/logs/p1_norm_g5.log,317
E3,p1_fedprox_scoped_mu0p1_a100p0_slider_6dB_s8.json,p1_fedprox_scoped_mu0p1_a100p0_slider_6dB_s8,fedprox,FedProx,100.0,slider,6dB,8,0.1,ConvAutoencoder,1024,0.9888903290080137,n3,norm_g0,0,n3/logs/p1_norm_g0.log,313
E3,p1_fedprox_scoped_mu0p1_a100p0_slider_6dB_s9.json,p1_fedprox_scoped_mu0p1_a100p0_slider_6dB_s9,fedprox,FedProx,100.0,slider,6dB,9,0.1,ConvAutoencoder,1024,0.9792149408460646,n3,norm_g3,3,n3/logs/p1_norm_g3.log,317
E3,p1_fedprox_scoped_mu0p1_a100p0_valve_-6dB_s0.json,p1_fedprox_scoped_mu0p1_a100p0_valve_-6dB_s0,fedprox,FedProx,100.0,valve,-6dB,0,0.1,ConvAutoencoder,1024,0.45905314913249573,n3,norm_g7,7,n3/logs/p1_norm_g7.log,315
E3,p1_fedprox_scoped_mu0p1_a100p0_valve_-6dB_s1.json,p1_fedprox_scoped_mu0p1_a100p0_valve_-6dB_s1,fedprox,FedProx,100.0,valve,-6dB,1,0.1,ConvAutoencoder,1024,0.4585395389634477,n3,norm_g2,2,n3/logs/p1_norm_g2.log,315
E3,p1_fedprox_scoped_mu0p1_a100p0_valve_-6dB_s2.json,p1_fedprox_scoped_mu0p1_a100p0_valve_-6dB_s2,fedprox,FedProx,100.0,valve,-6dB,2,0.1,ConvAutoencoder,1024,0.45082197126384677,n3,norm_g4,4,n3/logs/p1_norm_g4.log,317
E3,p1_fedprox_scoped_mu0p1_a100p0_valve_-6dB_s3.json,p1_fedprox_scoped_mu0p1_a100p0_valve_-6dB_s3,fedprox,FedProx,100.0,valve,-6dB,3,0.1,ConvAutoencoder,1024,0.466843880592121,n3,norm_g1,1,n3/logs/p1_norm_g1.log,315
E3,p1_fedprox_scoped_mu0p1_a100p0_valve_-6dB_s4.json,p1_fedprox_scoped_mu0p1_a100p0_valve_-6dB_s4,fedprox,FedProx,100.0,valve,-6dB,4,0.1,ConvAutoencoder,1024,0.46176491517045337,n3,norm_g6,6,n3/logs/p1_norm_g6.log,319
E3,p1_fedprox_scoped_mu0p1_a100p0_valve_-6dB_s5.json,p1_fedprox_scoped_mu0p1_a100p0_valve_-6dB_s5,fedprox,FedProx,100.0,valve,-6dB,5,0.1,ConvAutoencoder,1024,0.44077548152065094,n3,norm_g5,5,n3/logs/p1_norm_g5.log,319
E3,p1_fedprox_scoped_mu0p1_a100p0_valve_-6dB_s6.json,p1_fedprox_scoped_mu0p1_a100p0_valve_-6dB_s6,fedprox,FedProx,100.0,valve,-6dB,6,0.1,ConvAutoencoder,1024,0.4556606954201043,n3,norm_g3,3,n3/logs/p1_norm_g3.log,319
E3,p1_fedprox_scoped_mu0p1_a100p0_valve_-6dB_s7.json,p1_fedprox_scoped_mu0p1_a100p0_valve_-6dB_s7,fedprox,FedProx,100.0,valve,-6dB,7,0.1,ConvAutoencoder,1024,0.45088441491391834,n3,norm_g0,0,n3/logs/p1_norm_g0.log,315
E3,p1_fedprox_scoped_mu0p1_a100p0_valve_-6dB_s8.json,p1_fedprox_scoped_mu0p1_a100p0_valve_-6dB_s8,fedprox,FedProx,100.0,valve,-6dB,8,0.1,ConvAutoencoder,1024,0.426292577980687,n3,norm_g7,7,n3/logs/p1_norm_g7.log,317
E3,p1_fedprox_scoped_mu0p1_a100p0_valve_-6dB_s9.json,p1_fedprox_scoped_mu0p1_a100p0_valve_-6dB_s9,fedprox,FedProx,100.0,valve,-6dB,9,0.1,ConvAutoencoder,1024,0.44252625548776414,n3,norm_g2,2,n3/logs/p1_norm_g2.log,317
E3,p1_fedprox_scoped_mu0p1_a100p0_valve_6dB_s0.json,p1_fedprox_scoped_mu0p1_a100p0_valve_6dB_s0,fedprox,FedProx,100.0,valve,6dB,0,0.1,ConvAutoencoder,1024,0.45444570115913907,n3,norm_g4,4,n3/logs/p1_norm_g4.log,319
E3,p1_fedprox_scoped_mu0p1_a100p0_valve_6dB_s1.json,p1_fedprox_scoped_mu0p1_a100p0_valve_6dB_s1,fedprox,FedProx,100.0,valve,6dB,1,0.1,ConvAutoencoder,1024,0.502978997717564,n3,norm_g1,1,n3/logs/p1_norm_g1.log,317
E3,p1_fedprox_scoped_mu0p1_a100p0_valve_6dB_s2.json,p1_fedprox_scoped_mu0p1_a100p0_valve_6dB_s2,fedprox,FedProx,100.0,valve,6dB,2,0.1,ConvAutoencoder,1024,0.4854309768701057,n3,norm_g5,5,n3/logs/p1_norm_g5.log,321
E3,p1_fedprox_scoped_mu0p1_a100p0_valve_6dB_s3.json,p1_fedprox_scoped_mu0p1_a100p0_valve_6dB_s3,fedprox,FedProx,100.0,valve,6dB,3,0.1,ConvAutoencoder,1024,0.4732410175846037,n3,norm_g7,7,n3/logs/p1_norm_g7.log,319
E3,p1_fedprox_scoped_mu0p1_a100p0_valve_6dB_s4.json,p1_fedprox_scoped_mu0p1_a100p0_valve_6dB_s4,fedprox,FedProx,100.0,valve,6dB,4,0.1,ConvAutoencoder,1024,0.5025518133185105,n3,norm_g0,0,n3/logs/p1_norm_g0.log,317
E3,p1_fedprox_scoped_mu0p1_a100p0_valve_6dB_s5.json,p1_fedprox_scoped_mu0p1_a100p0_valve_6dB_s5,fedprox,FedProx,100.0,valve,6dB,5,0.1,ConvAutoencoder,1024,0.47166531960484204,n3,norm_g3,3,n3/logs/p1_norm_g3.log,321
E3,p1_fedprox_scoped_mu0p1_a100p0_valve_6dB_s6.json,p1_fedprox_scoped_mu0p1_a100p0_valve_6dB_s6,fedprox,FedProx,100.0,valve,6dB,6,0.1,ConvAutoencoder,1024,0.47632884164890116,n3,norm_g6,6,n3/logs/p1_norm_g6.log,321
E3,p1_fedprox_scoped_mu0p1_a100p0_valve_6dB_s7.json,p1_fedprox_scoped_mu0p1_a100p0_valve_6dB_s7,fedprox,FedProx,100.0,valve,6dB,7,0.1,ConvAutoencoder,1024,0.46369872584474203,n3,norm_g2,2,n3/logs/p1_norm_g2.log,319
E3,p1_fedprox_scoped_mu0p1_a100p0_valve_6dB_s8.json,p1_fedprox_scoped_mu0p1_a100p0_valve_6dB_s8,fedprox,FedProx,100.0,valve,6dB,8,0.1,ConvAutoencoder,1024,0.4725986906739313,n3,norm_g4,4,n3/logs/p1_norm_g4.log,321
E3,p1_fedprox_scoped_mu0p1_a100p0_valve_6dB_s9.json,p1_fedprox_scoped_mu0p1_a100p0_valve_6dB_s9,fedprox,FedProx,100.0,valve,6dB,9,0.1,ConvAutoencoder,1024,0.45300406223981204,n3,norm_g1,1,n3/logs/p1_norm_g1.log,319
E3,p1_fedprox_scoped_mu1p0_a0p05_slider_-6dB_s0.json,p1_fedprox_scoped_mu1p0_a0p05_slider_-6dB_s0,fedprox,FedProx,0.05,slider,-6dB,0,1.0,ConvAutoencoder,1024,0.7209728531219337,n3,norm_g5,5,n3/logs/p1_norm_g5.log,323
E3,p1_fedprox_scoped_mu1p0_a0p05_slider_-6dB_s1.json,p1_fedprox_scoped_mu1p0_a0p05_slider_-6dB_s1,fedprox,FedProx,0.05,slider,-6dB,1,1.0,ConvAutoencoder,1024,0.6952880555720702,n3,norm_g7,7,n3/logs/p1_norm_g7.log,321
E3,p1_fedprox_scoped_mu1p0_a0p05_slider_-6dB_s2.json,p1_fedprox_scoped_mu1p0_a0p05_slider_-6dB_s2,fedprox,FedProx,0.05,slider,-6dB,2,1.0,ConvAutoencoder,1024,0.7474342103612498,n3,norm_g0,0,n3/logs/p1_norm_g0.log,319
E3,p1_fedprox_scoped_mu1p0_a0p05_slider_-6dB_s3.json,p1_fedprox_scoped_mu1p0_a0p05_slider_-6dB_s3,fedprox,FedProx,0.05,slider,-6dB,3,1.0,ConvAutoencoder,1024,0.7361671888013389,n3,norm_g3,3,n3/logs/p1_norm_g3.log,323
E3,p1_fedprox_scoped_mu1p0_a0p05_slider_-6dB_s4.json,p1_fedprox_scoped_mu1p0_a0p05_slider_-6dB_s4,fedprox,FedProx,0.05,slider,-6dB,4,1.0,ConvAutoencoder,1024,0.7275830427312182,n3,norm_g6,6,n3/logs/p1_norm_g6.log,323
E3,p1_fedprox_scoped_mu1p0_a0p05_slider_-6dB_s5.json,p1_fedprox_scoped_mu1p0_a0p05_slider_-6dB_s5,fedprox,FedProx,0.05,slider,-6dB,5,1.0,ConvAutoencoder,1024,0.6579454026689009,n3,norm_g2,2,n3/logs/p1_norm_g2.log,321
E3,p1_fedprox_scoped_mu1p0_a0p05_slider_-6dB_s6.json,p1_fedprox_scoped_mu1p0_a0p05_slider_-6dB_s6,fedprox,FedProx,0.05,slider,-6dB,6,1.0,ConvAutoencoder,1024,0.863741934662044,n3,norm_g4,4,n3/logs/p1_norm_g4.log,323
E3,p1_fedprox_scoped_mu1p0_a0p05_slider_-6dB_s7.json,p1_fedprox_scoped_mu1p0_a0p05_slider_-6dB_s7,fedprox,FedProx,0.05,slider,-6dB,7,1.0,ConvAutoencoder,1024,0.7136045406701541,n3,norm_g1,1,n3/logs/p1_norm_g1.log,321
E3,p1_fedprox_scoped_mu1p0_a0p05_slider_-6dB_s8.json,p1_fedprox_scoped_mu1p0_a0p05_slider_-6dB_s8,fedprox,FedProx,0.05,slider,-6dB,8,1.0,ConvAutoencoder,1024,0.7659344816185506,n3,norm_g5,5,n3/logs/p1_norm_g5.log,325
E3,p1_fedprox_scoped_mu1p0_a0p05_slider_-6dB_s9.json,p1_fedprox_scoped_mu1p0_a0p05_slider_-6dB_s9,fedprox,FedProx,0.05,slider,-6dB,9,1.0,ConvAutoencoder,1024,0.7745675075022362,n3,norm_g7,7,n3/logs/p1_norm_g7.log,323
E3,p1_fedprox_scoped_mu1p0_a0p05_slider_6dB_s0.json,p1_fedprox_scoped_mu1p0_a0p05_slider_6dB_s0,fedprox,FedProx,0.05,slider,6dB,0,1.0,ConvAutoencoder,1024,0.7422951194278123,n3,norm_g0,0,n3/logs/p1_norm_g0.log,321
E3,p1_fedprox_scoped_mu1p0_a0p05_slider_6dB_s1.json,p1_fedprox_scoped_mu1p0_a0p05_slider_6dB_s1,fedprox,FedProx,0.05,slider,6dB,1,1.0,ConvAutoencoder,1024,0.7852961185957146,n3,norm_g3,3,n3/logs/p1_norm_g3.log,325
E3,p1_fedprox_scoped_mu1p0_a0p05_slider_6dB_s2.json,p1_fedprox_scoped_mu1p0_a0p05_slider_6dB_s2,fedprox,FedProx,0.05,slider,6dB,2,1.0,ConvAutoencoder,1024,0.8812997221448716,n3,norm_g6,6,n3/logs/p1_norm_g6.log,325
E3,p1_fedprox_scoped_mu1p0_a0p05_slider_6dB_s3.json,p1_fedprox_scoped_mu1p0_a0p05_slider_6dB_s3,fedprox,FedProx,0.05,slider,6dB,3,1.0,ConvAutoencoder,1024,0.82375393817868,n3,norm_g2,2,n3/logs/p1_norm_g2.log,323
E3,p1_fedprox_scoped_mu1p0_a0p05_slider_6dB_s4.json,p1_fedprox_scoped_mu1p0_a0p05_slider_6dB_s4,fedprox,FedProx,0.05,slider,6dB,4,1.0,ConvAutoencoder,1024,0.8164942407653609,n3,norm_g4,4,n3/logs/p1_norm_g4.log,325
E3,p1_fedprox_scoped_mu1p0_a0p05_slider_6dB_s5.json,p1_fedprox_scoped_mu1p0_a0p05_slider_6dB_s5,fedprox,FedProx,0.05,slider,6dB,5,1.0,ConvAutoencoder,1024,0.7781146077579989,n3,norm_g1,1,n3/logs/p1_norm_g1.log,323
E3,p1_fedprox_scoped_mu1p0_a0p05_slider_6dB_s6.json,p1_fedprox_scoped_mu1p0_a0p05_slider_6dB_s6,fedprox,FedProx,0.05,slider,6dB,6,1.0,ConvAutoencoder,1024,0.8900853859180872,n3,norm_g5,5,n3/logs/p1_norm_g5.log,327
E3,p1_fedprox_scoped_mu1p0_a0p05_slider_6dB_s7.json,p1_fedprox_scoped_mu1p0_a0p05_slider_6dB_s7,fedprox,FedProx,0.05,slider,6dB,7,1.0,ConvAutoencoder,1024,0.8168557838655792,n3,norm_g7,7,n3/logs/p1_norm_g7.log,325
E3,p1_fedprox_scoped_mu1p0_a0p05_slider_6dB_s8.json,p1_fedprox_scoped_mu1p0_a0p05_slider_6dB_s8,fedprox,FedProx,0.05,slider,6dB,8,1.0,ConvAutoencoder,1024,0.8051240083962462,n3,norm_g0,0,n3/logs/p1_norm_g0.log,323
E3,p1_fedprox_scoped_mu1p0_a0p05_slider_6dB_s9.json,p1_fedprox_scoped_mu1p0_a0p05_slider_6dB_s9,fedprox,FedProx,0.05,slider,6dB,9,1.0,ConvAutoencoder,1024,0.8376826782612563,n3,norm_g3,3,n3/logs/p1_norm_g3.log,327
E3,p1_fedprox_scoped_mu1p0_a0p05_valve_-6dB_s0.json,p1_fedprox_scoped_mu1p0_a0p05_valve_-6dB_s0,fedprox,FedProx,0.05,valve,-6dB,0,1.0,ConvAutoencoder,1024,0.43007436214197864,n3,norm_g6,6,n3/logs/p1_norm_g6.log,327
E3,p1_fedprox_scoped_mu1p0_a0p05_valve_-6dB_s1.json,p1_fedprox_scoped_mu1p0_a0p05_valve_-6dB_s1,fedprox,FedProx,0.05,valve,-6dB,1,1.0,ConvAutoencoder,1024,0.5885860198966085,n3,norm_g2,2,n3/logs/p1_norm_g2.log,325
E3,p1_fedprox_scoped_mu1p0_a0p05_valve_-6dB_s2.json,p1_fedprox_scoped_mu1p0_a0p05_valve_-6dB_s2,fedprox,FedProx,0.05,valve,-6dB,2,1.0,ConvAutoencoder,1024,0.4409569657875155,n3,norm_g4,4,n3/logs/p1_norm_g4.log,327
E3,p1_fedprox_scoped_mu1p0_a0p05_valve_-6dB_s3.json,p1_fedprox_scoped_mu1p0_a0p05_valve_-6dB_s3,fedprox,FedProx,0.05,valve,-6dB,3,1.0,ConvAutoencoder,1024,0.36442073276664994,n3,norm_g1,1,n3/logs/p1_norm_g1.log,325
E3,p1_fedprox_scoped_mu1p0_a0p05_valve_-6dB_s4.json,p1_fedprox_scoped_mu1p0_a0p05_valve_-6dB_s4,fedprox,FedProx,0.05,valve,-6dB,4,1.0,ConvAutoencoder,1024,0.3685505136963686,n3,norm_g5,5,n3/logs/p1_norm_g5.log,329
E3,p1_fedprox_scoped_mu1p0_a0p05_valve_-6dB_s5.json,p1_fedprox_scoped_mu1p0_a0p05_valve_-6dB_s5,fedprox,FedProx,0.05,valve,-6dB,5,1.0,ConvAutoencoder,1024,0.5320496034529816,n3,norm_g7,7,n3/logs/p1_norm_g7.log,327
E3,p1_fedprox_scoped_mu1p0_a0p05_valve_-6dB_s6.json,p1_fedprox_scoped_mu1p0_a0p05_valve_-6dB_s6,fedprox,FedProx,0.05,valve,-6dB,6,1.0,ConvAutoencoder,1024,0.3949566873298626,n3,norm_g0,0,n3/logs/p1_norm_g0.log,325
E3,p1_fedprox_scoped_mu1p0_a0p05_valve_-6dB_s7.json,p1_fedprox_scoped_mu1p0_a0p05_valve_-6dB_s7,fedprox,FedProx,0.05,valve,-6dB,7,1.0,ConvAutoencoder,1024,0.45412265395448814,n3,norm_g3,3,n3/logs/p1_norm_g3.log,329
E3,p1_fedprox_scoped_mu1p0_a0p05_valve_-6dB_s8.json,p1_fedprox_scoped_mu1p0_a0p05_valve_-6dB_s8,fedprox,FedProx,0.05,valve,-6dB,8,1.0,ConvAutoencoder,1024,0.44534854522220535,n3,norm_g6,6,n3/logs/p1_norm_g6.log,329
E3,p1_fedprox_scoped_mu1p0_a0p05_valve_-6dB_s9.json,p1_fedprox_scoped_mu1p0_a0p05_valve_-6dB_s9,fedprox,FedProx,0.05,valve,-6dB,9,1.0,ConvAutoencoder,1024,0.45715146188207867,n3,norm_g2,2,n3/logs/p1_norm_g2.log,327
E3,p1_fedprox_scoped_mu1p0_a0p05_valve_6dB_s0.json,p1_fedprox_scoped_mu1p0_a0p05_valve_6dB_s0,fedprox,FedProx,0.05,valve,6dB,0,1.0,ConvAutoencoder,1024,0.5108804501397094,n3,norm_g4,4,n3/logs/p1_norm_g4.log,329
E3,p1_fedprox_scoped_mu1p0_a0p05_valve_6dB_s1.json,p1_fedprox_scoped_mu1p0_a0p05_valve_6dB_s1,fedprox,FedProx,0.05,valve,6dB,1,1.0,ConvAutoencoder,1024,0.4591525181853945,n3,norm_g1,1,n3/logs/p1_norm_g1.log,327
E3,p1_fedprox_scoped_mu1p0_a0p05_valve_6dB_s2.json,p1_fedprox_scoped_mu1p0_a0p05_valve_6dB_s2,fedprox,FedProx,0.05,valve,6dB,2,1.0,ConvAutoencoder,1024,0.4031891920419989,n3,norm_g5,5,n3/logs/p1_norm_g5.log,331
E3,p1_fedprox_scoped_mu1p0_a0p05_valve_6dB_s3.json,p1_fedprox_scoped_mu1p0_a0p05_valve_6dB_s3,fedprox,FedProx,0.05,valve,6dB,3,1.0,ConvAutoencoder,1024,0.49991568893719734,n3,norm_g7,7,n3/logs/p1_norm_g7.log,329
E3,p1_fedprox_scoped_mu1p0_a0p05_valve_6dB_s4.json,p1_fedprox_scoped_mu1p0_a0p05_valve_6dB_s4,fedprox,FedProx,0.05,valve,6dB,4,1.0,ConvAutoencoder,1024,0.45868327220990857,n3,norm_g0,0,n3/logs/p1_norm_g0.log,327
E3,p1_fedprox_scoped_mu1p0_a0p05_valve_6dB_s5.json,p1_fedprox_scoped_mu1p0_a0p05_valve_6dB_s5,fedprox,FedProx,0.05,valve,6dB,5,1.0,ConvAutoencoder,1024,0.3668763717498507,n3,norm_g3,3,n3/logs/p1_norm_g3.log,331
E3,p1_fedprox_scoped_mu1p0_a0p05_valve_6dB_s6.json,p1_fedprox_scoped_mu1p0_a0p05_valve_6dB_s6,fedprox,FedProx,0.05,valve,6dB,6,1.0,ConvAutoencoder,1024,0.39374122184319016,n3,norm_g6,6,n3/logs/p1_norm_g6.log,331
E3,p1_fedprox_scoped_mu1p0_a0p05_valve_6dB_s7.json,p1_fedprox_scoped_mu1p0_a0p05_valve_6dB_s7,fedprox,FedProx,0.05,valve,6dB,7,1.0,ConvAutoencoder,1024,0.3342926560542917,n3,norm_g2,2,n3/logs/p1_norm_g2.log,329
E3,p1_fedprox_scoped_mu1p0_a0p05_valve_6dB_s8.json,p1_fedprox_scoped_mu1p0_a0p05_valve_6dB_s8,fedprox,FedProx,0.05,valve,6dB,8,1.0,ConvAutoencoder,1024,0.4584169572827981,n3,norm_g4,4,n3/logs/p1_norm_g4.log,331
E3,p1_fedprox_scoped_mu1p0_a0p05_valve_6dB_s9.json,p1_fedprox_scoped_mu1p0_a0p05_valve_6dB_s9,fedprox,FedProx,0.05,valve,6dB,9,1.0,ConvAutoencoder,1024,0.3638868757652839,n3,norm_g1,1,n3/logs/p1_norm_g1.log,329
E3,p1_fedprox_scoped_mu1p0_a100p0_slider_-6dB_s0.json,p1_fedprox_scoped_mu1p0_a100p0_slider_-6dB_s0,fedprox,FedProx,100.0,slider,-6dB,0,1.0,ConvAutoencoder,1024,0.805918308616939,n3,norm_g5,5,n3/logs/p1_norm_g5.log,333
E3,p1_fedprox_scoped_mu1p0_a100p0_slider_-6dB_s1.json,p1_fedprox_scoped_mu1p0_a100p0_slider_-6dB_s1,fedprox,FedProx,100.0,slider,-6dB,1,1.0,ConvAutoencoder,1024,0.7696936712447598,n3,norm_g7,7,n3/logs/p1_norm_g7.log,331
E3,p1_fedprox_scoped_mu1p0_a100p0_slider_-6dB_s2.json,p1_fedprox_scoped_mu1p0_a100p0_slider_-6dB_s2,fedprox,FedProx,100.0,slider,-6dB,2,1.0,ConvAutoencoder,1024,0.8151808749089244,n3,norm_g0,0,n3/logs/p1_norm_g0.log,329
E3,p1_fedprox_scoped_mu1p0_a100p0_slider_-6dB_s3.json,p1_fedprox_scoped_mu1p0_a100p0_slider_-6dB_s3,fedprox,FedProx,100.0,slider,-6dB,3,1.0,ConvAutoencoder,1024,0.785772003766676,n3,norm_g3,3,n3/logs/p1_norm_g3.log,333
E3,p1_fedprox_scoped_mu1p0_a100p0_slider_-6dB_s4.json,p1_fedprox_scoped_mu1p0_a100p0_slider_-6dB_s4,fedprox,FedProx,100.0,slider,-6dB,4,1.0,ConvAutoencoder,1024,0.8036617359316898,n3,norm_g6,6,n3/logs/p1_norm_g6.log,333
E3,p1_fedprox_scoped_mu1p0_a100p0_slider_-6dB_s5.json,p1_fedprox_scoped_mu1p0_a100p0_slider_-6dB_s5,fedprox,FedProx,100.0,slider,-6dB,5,1.0,ConvAutoencoder,1024,0.7433675137064006,n3,norm_g2,2,n3/logs/p1_norm_g2.log,331
E3,p1_fedprox_scoped_mu1p0_a100p0_slider_-6dB_s6.json,p1_fedprox_scoped_mu1p0_a100p0_slider_-6dB_s6,fedprox,FedProx,100.0,slider,-6dB,6,1.0,ConvAutoencoder,1024,0.777944923300906,n3,norm_g4,4,n3/logs/p1_norm_g4.log,333
E3,p1_fedprox_scoped_mu1p0_a100p0_slider_-6dB_s7.json,p1_fedprox_scoped_mu1p0_a100p0_slider_-6dB_s7,fedprox,FedProx,100.0,slider,-6dB,7,1.0,ConvAutoencoder,1024,0.7460666132227071,n3,norm_g1,1,n3/logs/p1_norm_g1.log,331
E3,p1_fedprox_scoped_mu1p0_a100p0_slider_-6dB_s8.json,p1_fedprox_scoped_mu1p0_a100p0_slider_-6dB_s8,fedprox,FedProx,100.0,slider,-6dB,8,1.0,ConvAutoencoder,1024,0.8054405734053753,n3,norm_g5,5,n3/logs/p1_norm_g5.log,335
E3,p1_fedprox_scoped_mu1p0_a100p0_slider_-6dB_s9.json,p1_fedprox_scoped_mu1p0_a100p0_slider_-6dB_s9,fedprox,FedProx,100.0,slider,-6dB,9,1.0,ConvAutoencoder,1024,0.7322765747741979,n3,norm_g7,7,n3/logs/p1_norm_g7.log,333
E3,p1_fedprox_scoped_mu1p0_a100p0_slider_6dB_s0.json,p1_fedprox_scoped_mu1p0_a100p0_slider_6dB_s0,fedprox,FedProx,100.0,slider,6dB,0,1.0,ConvAutoencoder,1024,0.8874853046795049,n3,norm_g0,0,n3/logs/p1_norm_g0.log,331
E3,p1_fedprox_scoped_mu1p0_a100p0_slider_6dB_s1.json,p1_fedprox_scoped_mu1p0_a100p0_slider_6dB_s1,fedprox,FedProx,100.0,slider,6dB,1,1.0,ConvAutoencoder,1024,0.8799009516571749,n3,norm_g3,3,n3/logs/p1_norm_g3.log,335
E3,p1_fedprox_scoped_mu1p0_a100p0_slider_6dB_s2.json,p1_fedprox_scoped_mu1p0_a100p0_slider_6dB_s2,fedprox,FedProx,100.0,slider,6dB,2,1.0,ConvAutoencoder,1024,0.8841207329278798,n3,norm_g6,6,n3/logs/p1_norm_g6.log,335
E3,p1_fedprox_scoped_mu1p0_a100p0_slider_6dB_s3.json,p1_fedprox_scoped_mu1p0_a100p0_slider_6dB_s3,fedprox,FedProx,100.0,slider,6dB,3,1.0,ConvAutoencoder,1024,0.9036963706050102,n3,norm_g2,2,n3/logs/p1_norm_g2.log,333
E3,p1_fedprox_scoped_mu1p0_a100p0_slider_6dB_s4.json,p1_fedprox_scoped_mu1p0_a100p0_slider_6dB_s4,fedprox,FedProx,100.0,slider,6dB,4,1.0,ConvAutoencoder,1024,0.882795519401444,n3,norm_g4,4,n3/logs/p1_norm_g4.log,335
E3,p1_fedprox_scoped_mu1p0_a100p0_slider_6dB_s5.json,p1_fedprox_scoped_mu1p0_a100p0_slider_6dB_s5,fedprox,FedProx,100.0,slider,6dB,5,1.0,ConvAutoencoder,1024,0.8847675180091086,n3,norm_g1,1,n3/logs/p1_norm_g1.log,333
E3,p1_fedprox_scoped_mu1p0_a100p0_slider_6dB_s6.json,p1_fedprox_scoped_mu1p0_a100p0_slider_6dB_s6,fedprox,FedProx,100.0,slider,6dB,6,1.0,ConvAutoencoder,1024,0.8805393558636936,n3,norm_g5,5,n3/logs/p1_norm_g5.log,337
E3,p1_fedprox_scoped_mu1p0_a100p0_slider_6dB_s7.json,p1_fedprox_scoped_mu1p0_a100p0_slider_6dB_s7,fedprox,FedProx,100.0,slider,6dB,7,1.0,ConvAutoencoder,1024,0.8801412287130642,n3,norm_g7,7,n3/logs/p1_norm_g7.log,335
E3,p1_fedprox_scoped_mu1p0_a100p0_slider_6dB_s8.json,p1_fedprox_scoped_mu1p0_a100p0_slider_6dB_s8,fedprox,FedProx,100.0,slider,6dB,8,1.0,ConvAutoencoder,1024,0.8861020155064228,n3,norm_g0,0,n3/logs/p1_norm_g0.log,333
E3,p1_fedprox_scoped_mu1p0_a100p0_slider_6dB_s9.json,p1_fedprox_scoped_mu1p0_a100p0_slider_6dB_s9,fedprox,FedProx,100.0,slider,6dB,9,1.0,ConvAutoencoder,1024,0.8835721745693323,n3,norm_g3,3,n3/logs/p1_norm_g3.log,337
E3,p1_fedprox_scoped_mu1p0_a100p0_valve_-6dB_s0.json,p1_fedprox_scoped_mu1p0_a100p0_valve_-6dB_s0,fedprox,FedProx,100.0,valve,-6dB,0,1.0,ConvAutoencoder,1024,0.451749247185977,n3,norm_g6,6,n3/logs/p1_norm_g6.log,337
E3,p1_fedprox_scoped_mu1p0_a100p0_valve_-6dB_s1.json,p1_fedprox_scoped_mu1p0_a100p0_valve_-6dB_s1,fedprox,FedProx,100.0,valve,-6dB,1,1.0,ConvAutoencoder,1024,0.4564490812666809,n3,norm_g4,4,n3/logs/p1_norm_g4.log,337
E3,p1_fedprox_scoped_mu1p0_a100p0_valve_-6dB_s2.json,p1_fedprox_scoped_mu1p0_a100p0_valve_-6dB_s2,fedprox,FedProx,100.0,valve,-6dB,2,1.0,ConvAutoencoder,1024,0.44584626205486266,n3,norm_g2,2,n3/logs/p1_norm_g2.log,335
E3,p1_fedprox_scoped_mu1p0_a100p0_valve_-6dB_s3.json,p1_fedprox_scoped_mu1p0_a100p0_valve_-6dB_s3,fedprox,FedProx,100.0,valve,-6dB,3,1.0,ConvAutoencoder,1024,0.45944612458777456,n3,norm_g1,1,n3/logs/p1_norm_g1.log,335
E3,p1_fedprox_scoped_mu1p0_a100p0_valve_-6dB_s4.json,p1_fedprox_scoped_mu1p0_a100p0_valve_-6dB_s4,fedprox,FedProx,100.0,valve,-6dB,4,1.0,ConvAutoencoder,1024,0.457433330918428,n3,norm_g5,5,n3/logs/p1_norm_g5.log,339
E3,p1_fedprox_scoped_mu1p0_a100p0_valve_-6dB_s5.json,p1_fedprox_scoped_mu1p0_a100p0_valve_-6dB_s5,fedprox,FedProx,100.0,valve,-6dB,5,1.0,ConvAutoencoder,1024,0.4381089318096564,n3,norm_g7,7,n3/logs/p1_norm_g7.log,337
E3,p1_fedprox_scoped_mu1p0_a100p0_valve_-6dB_s6.json,p1_fedprox_scoped_mu1p0_a100p0_valve_-6dB_s6,fedprox,FedProx,100.0,valve,-6dB,6,1.0,ConvAutoencoder,1024,0.45070140177804674,n3,norm_g0,0,n3/logs/p1_norm_g0.log,335
E3,p1_fedprox_scoped_mu1p0_a100p0_valve_-6dB_s7.json,p1_fedprox_scoped_mu1p0_a100p0_valve_-6dB_s7,fedprox,FedProx,100.0,valve,-6dB,7,1.0,ConvAutoencoder,1024,0.45106847726801835,n3,norm_g3,3,n3/logs/p1_norm_g3.log,339
E3,p1_fedprox_scoped_mu1p0_a100p0_valve_-6dB_s8.json,p1_fedprox_scoped_mu1p0_a100p0_valve_-6dB_s8,fedprox,FedProx,100.0,valve,-6dB,8,1.0,ConvAutoencoder,1024,0.4229392916368194,n3,norm_g6,6,n3/logs/p1_norm_g6.log,339
E3,p1_fedprox_scoped_mu1p0_a100p0_valve_-6dB_s9.json,p1_fedprox_scoped_mu1p0_a100p0_valve_-6dB_s9,fedprox,FedProx,100.0,valve,-6dB,9,1.0,ConvAutoencoder,1024,0.43996607424603135,n3,norm_g4,4,n3/logs/p1_norm_g4.log,339
E3,p1_fedprox_scoped_mu1p0_a100p0_valve_6dB_s0.json,p1_fedprox_scoped_mu1p0_a100p0_valve_6dB_s0,fedprox,FedProx,100.0,valve,6dB,0,1.0,ConvAutoencoder,1024,0.42587593274804114,n3,norm_g2,2,n3/logs/p1_norm_g2.log,337
E3,p1_fedprox_scoped_mu1p0_a100p0_valve_6dB_s1.json,p1_fedprox_scoped_mu1p0_a100p0_valve_6dB_s1,fedprox,FedProx,100.0,valve,6dB,1,1.0,ConvAutoencoder,1024,0.43003687252996964,n3,norm_g1,1,n3/logs/p1_norm_g1.log,337
E3,p1_fedprox_scoped_mu1p0_a100p0_valve_6dB_s2.json,p1_fedprox_scoped_mu1p0_a100p0_valve_6dB_s2,fedprox,FedProx,100.0,valve,6dB,2,1.0,ConvAutoencoder,1024,0.44342211635292816,n3,norm_g5,5,n3/logs/p1_norm_g5.log,341
E3,p1_fedprox_scoped_mu1p0_a100p0_valve_6dB_s3.json,p1_fedprox_scoped_mu1p0_a100p0_valve_6dB_s3,fedprox,FedProx,100.0,valve,6dB,3,1.0,ConvAutoencoder,1024,0.4291371257170152,n3,norm_g7,7,n3/logs/p1_norm_g7.log,339
E3,p1_fedprox_scoped_mu1p0_a100p0_valve_6dB_s4.json,p1_fedprox_scoped_mu1p0_a100p0_valve_6dB_s4,fedprox,FedProx,100.0,valve,6dB,4,1.0,ConvAutoencoder,1024,0.4346409304856708,n3,norm_g0,0,n3/logs/p1_norm_g0.log,337
E3,p1_fedprox_scoped_mu1p0_a100p0_valve_6dB_s5.json,p1_fedprox_scoped_mu1p0_a100p0_valve_6dB_s5,fedprox,FedProx,100.0,valve,6dB,5,1.0,ConvAutoencoder,1024,0.4330593867283527,n3,norm_g3,3,n3/logs/p1_norm_g3.log,341
E3,p1_fedprox_scoped_mu1p0_a100p0_valve_6dB_s6.json,p1_fedprox_scoped_mu1p0_a100p0_valve_6dB_s6,fedprox,FedProx,100.0,valve,6dB,6,1.0,ConvAutoencoder,1024,0.4176903072738239,n3,norm_g6,6,n3/logs/p1_norm_g6.log,341
E3,p1_fedprox_scoped_mu1p0_a100p0_valve_6dB_s7.json,p1_fedprox_scoped_mu1p0_a100p0_valve_6dB_s7,fedprox,FedProx,100.0,valve,6dB,7,1.0,ConvAutoencoder,1024,0.42876432810472087,n3,norm_g4,4,n3/logs/p1_norm_g4.log,341
E3,p1_fedprox_scoped_mu1p0_a100p0_valve_6dB_s8.json,p1_fedprox_scoped_mu1p0_a100p0_valve_6dB_s8,fedprox,FedProx,100.0,valve,6dB,8,1.0,ConvAutoencoder,1024,0.44396998945228505,n3,norm_g2,2,n3/logs/p1_norm_g2.log,339
E3,p1_fedprox_scoped_mu1p0_a100p0_valve_6dB_s9.json,p1_fedprox_scoped_mu1p0_a100p0_valve_6dB_s9,fedprox,FedProx,100.0,valve,6dB,9,1.0,ConvAutoencoder,1024,0.42973499033394946,n3,norm_g1,1,n3/logs/p1_norm_g1.log,339
